Welches Geschlecht haben Sie? ;Wie alt sind Sie?;Welches Verhältnis haben Sie zur WU? ;Wie oft gehen Sie normalerweise in einer Woche am Campus der WU essen?;Wie oft gehen Sie normalerweise in einem Monat am Campus der WU essen?;Sind Sie schon jemals am Campus der WU etwas essen gegangen?;Was studieren Sie auf der Wirtschaftsuniversität?;In welchem Studienabschnitt befinden Sie sich?;Wie wahrscheinlich ist es, dass Sie für ein Mittagessen an einem Foodtruck am Campus der WU mindestens 6€ ausgeben?;Wie wahrscheinlich ist es, dass Sie für ein Mittagessen an einem Foodtruck am Campus der WU mindestens 8€ ausgeben?;Wie wahrscheinlich ist es, dass Sie für ein Mittagessen an einem Foodtruck am Campus der WU mindestens 10€ ausgeben?;Wie wahrscheinlich ist es, dass Sie für ein Mittagessen an einem Foodtruck am Campus der WU mindestens 12€ ausgeben?;Wie wahrscheinlich ist es, dass Sie für ein Mittagessen an einem Foodtruck am Campus der WU mindestens 15€ ausgeben?;An welchen Wochentagen gehen Sie am Campus der WU für gewöhnlich essen?;Essen Sie auch außerhalb des Semesterbetriebs am Campus der WU? ;Wie lange sind Sie bereit von der WU Bibliothek aus zu gehen, um Mittag zu essen?;Welche Lokale haben Sie für ihr Mittagessen auf der WU schon mal besucht?;Welche drei Lokale möchten Sie für Ihr Mittagessen auf der WU nach Corona als erstes wieder besuchen?;Welche der Lokale, die Sie bereits besucht haben, würden Sie bezüglich des Geschmacks positiv beurteilen?;Welche der Lokale, die Sie bereits besucht haben, würden Sie bezüglich der Servicequalität (Wartezeit & Freundlichkeit) positiv beurteilen?;Welche der Lokale, die Sie bereits besucht haben, würden Sie bezüglich des Ambientes positiv beurteilen?;Welche der Lokale, die Sie bereits besucht haben, würden Sie bezüglich der Entfernung positiv beurteilen?;Welche der Lokale, die Sie bereits besucht haben, würden Sie bezüglich des Preises positiv beurteilen?;Wie oft nehmen Sie normalerweise in der Woche  Essen von zuhause auf den Campus der WU als Mittagessen mit?;Wie oft nehmen Sie normalerweise in einem Monat  Essen von zuhause auf den Campus der WU als Mittagessen mit?;Welche Eigenschaft ist für Ihre Lokalentscheidung für ein Mittagessen auf der WU ausschlaggebender?;Welche Eigenschaft ist für Ihre Lokalentscheidung für ein Mittagessen auf der WU ausschlaggebender?;Welche Eigenschaft ist für Ihre Lokalentscheidung für ein Mittagessen auf der WU ausschlaggebender?;Welche Eigenschaft ist für Ihre Lokalentscheidung für ein Mittagessen auf der WU ausschlaggebender?;Welche Eigenschaft ist für Ihre Lokalentscheidung für ein Mittagessen auf der WU ausschlaggebender?;Welche Eigenschaft ist für Ihre Lokalentscheidung für ein Mittagessen auf der WU ausschlaggebender?;Welche Eigenschaft ist für Ihre Lokalentscheidung für ein Mittagessen auf der WU ausschlaggebender?;Welche Eigenschaft ist für Ihre Lokalentscheidung für ein Mittagessen auf der WU ausschlaggebender?;Welche Eigenschaft ist für Ihre Lokalentscheidung für ein Mittagessen auf der WU ausschlaggebender?;Welche Eigenschaft ist für Ihre Lokalentscheidung für ein Mittagessen auf der WU ausschlaggebender?;Segment
Weiblich;22;Besucher;8-Mal;;;;;2;3;4;5;2;Sonntag;Nein;;"Das Glashaus;Billa;Library Café";"Spar;Finn;Baschly";"Mensa;Das Glashaus";"Das Glashaus (To-Go);McDonalds;Library Café";"Das Glashaus;McDonalds";;;4-Mal;3-Mal;Preis;Servicequalität;Geschmack;Ambiente;Servicequalität;Entfernung;Ambiente;Servicequalität;Servicequalität;Ambiente;1
;;Student;Nie;;;Masterstudium;;;;;;;;Ja;;;;;;;;;Seltener als 1-Mal;;;;;;;;;;;;
Weiblich;24;Student;3-Mal;;;WiSo;CBK/Hauptstudium;5;4;3;2;2;"Montag;Dienstag;Mittwoch;Donnerstag";Nein;7,5 -10 Minuten (McDonalds/Felber);"Mensa;Das Campus (To-Go);Spar;Billa;McDonalds;Library Café;Anker (Bäckerei);Baschly;Baschly (To-Go)";"Mensa;Das Campus (To-Go);Baschly (To-Go)";"Mensa;Das Campus (To-Go);Spar;Baschly (To-Go)";"Mensa;Das Campus (To-Go)";Baschly;"Mensa;Das Campus (To-Go);Spar;Billa;McDonalds;Library Café;Anker;Baschly (To-Go)";"Mensa;McDonalds";1-Mal;;Preis;Preis;Geschmack;Preis;Entfernung;Geschmack;Entfernung;Geschmack;Ambiente;Geschmack;2
Weiblich;24;Besucher;Nie;;;;;3;2;1;1;1;;Nein;Weiß ich nicht;;;"L´Osteria;Anker";;;;;;;Preis;Preis;Geschmack;Ambiente;Entfernung;Geschmack;Ambiente;Geschmack;Servicequalität;Geschmack;3
Männlich;25;Student;Nie;;;WiSo;CBK/Hauptstudium;2;2;2;2;2;;Nein;mehr als 10 Minuten (Schweizerhaus/Deewan);"Das Campus (To-Go);Spar;Billa";"Mensa;Das Campus;Das Glashaus";"Das Campus (To-Go);Spar;Billa";"Das Campus (To-Go);Spar;Billa";;"Das Campus (To-Go);Spar";"Spar;Billa";Nie;;Entfernung;Preis;Geschmack;Preis;Entfernung;Geschmack;Entfernung;Geschmack;Ambiente;Geschmack;2
Männlich;25;Student;Seltener als 1-Mal;2-Mal;;WiSo;CBK/Hauptstudium;4;3;2;1;1;;Nein;7,5 -10 Minuten (McDonalds/Felber);"Spar;Billa;McDonalds;Library Café";L´Osteria;"Spar;Billa;McDonalds";;;"Spar;Billa";"Spar;Billa;McDonalds";Nie;;Preis;Servicequalität;Geschmack;Preis;Servicequalität;Geschmack;Entfernung;Geschmack;Servicequalität;Geschmack;3
Weiblich;24;Besucher;3-Mal;;;;;5;5;4;4;2;"Dienstag;Mittwoch;Donnerstag";Nein;5 - 7,5 Minuten (Billa/L´Osteria);"Mensa;L´Osteria;Das Glashaus;McDonalds;Anker (Bäckerei);Burger´s Bar";"Mensa;McDonalds;Anker";"Mensa;L´Osteria;McDonalds;Anker";"Mensa;L´Osteria;McDonalds;Anker";"Mensa;L´Osteria;Anker";"Mensa;L´Osteria";"Mensa;L´Osteria";2-Mal;;Preis;Preis;Preis;Preis;Entfernung;Entfernung;Entfernung;Geschmack;Ambiente;Geschmack;4
Männlich;26;Besucher;Seltener als 1-Mal;3-Mal;;;;4;2;1;1;1;"Montag;Dienstag;Mittwoch;Donnerstag;Freitag";Ja;7,5 -10 Minuten (McDonalds/Felber);"Mensa;Das Campus;L´Osteria;Spar;Billa;McDonalds;Deewan";"Mensa;Das Campus";;"Mensa;Das Campus;Spar;Billa";"Mensa;Das Campus;L´Osteria;Library Café";"Mensa;Das Campus;L´Osteria;Spar;Billa";Mensa;Seltener als 1-Mal;1-Mal;Preis;Preis;Preis;Preis;Servicequalität;Geschmack;Entfernung;Geschmack;Servicequalität;Geschmack;3
Männlich;28;Student;2-Mal;;;WiRe;;3;2;1;1;1;"Montag;Dienstag;Mittwoch";Nein;mehr als 10 Minuten (Schweizerhaus/Deewan);"Mensa;Das Campus (To-Go);Spar;Billa;Library Café;Baschly (To-Go);Deewan";"Das Campus (To-Go);Library Café;Baschly (To-Go)";"Das Campus (To-Go);L´Osteria;Baschly (To-Go)";"Das Campus (To-Go);Anker;Baschly (To-Go)";Baschly (To-Go);"Mensa;Das Campus;Das Campus (To-Go);Spar;Billa;Baschly (To-Go)";"Mensa;Spar;Billa";Nie;;Entfernung;Servicequalität;Geschmack;Preis;Entfernung;Geschmack;Entfernung;Servicequalität;Servicequalität;Geschmack;5
Weiblich;25;Student;3-Mal;;;WiRe;;4;3;2;1;1;"Mittwoch;Donnerstag";Ja;mehr als 10 Minuten (Schweizerhaus/Deewan);"Mensa;L´Osteria;Spar;Billa;McDonalds;Anker (Bäckerei);Baschly (To-Go)";"L´Osteria;Anker;Baschly (To-Go)";"L´Osteria;Spar;Billa;McDonalds;Baschly (To-Go)";L´Osteria;L´Osteria;"Mensa;Billa;Anker";"Spar;Billa;McDonalds";3-Mal;;Preis;Preis;Geschmack;Preis;Entfernung;Geschmack;Entfernung;Geschmack;Servicequalität;Geschmack;2
Weiblich;22;Student;2-Mal;;;Masterstudium;;4;1;1;1;1;"Dienstag;Mittwoch";Nein;5 - 7,5 Minuten (Billa/L´Osteria);"Mensa;Das Campus;Das Campus (To-Go);L´Osteria;Spar;Billa;McDonalds;Library Café;Anker (Bäckerei);Baschly;die ALLEE";"Mensa;Billa;Spar";"Mensa;L´Osteria;Spar;Billa;McDonalds;Library Café;die ALLEE";"Mensa;Anker;die ALLEE";"L´Osteria;die ALLEE";"Mensa;Spar";"Mensa;Spar;Billa";Seltener als 1-Mal;1-Mal;Preis;Preis;Preis;Preis;Entfernung;Entfernung;Entfernung;Geschmack;Servicequalität;Geschmack;4
Männlich;27;Student;3-Mal;;;WiSo;CBK/Hauptstudium;3;1;1;1;1;"Montag;Dienstag;Mittwoch";Nein;5 - 7,5 Minuten (Billa/L´Osteria);"Mensa;Das Campus;Das Campus (To-Go);L´Osteria;Das Glashaus (To-Go);Spar;Billa;McDonalds;Library Café;Anker (Bäckerei);Baschly;Baschly (To-Go);Burger´s Bar";"Das Campus;L´Osteria;Baschly";"Das Campus;L´Osteria;Das Glashaus (To-Go);Spar;Billa;Anker;Baschly;Baschly (To-Go);Burger´s Bar";"Mensa;Das Glashaus (To-Go);Spar;Billa;McDonalds;Burger´s Bar";"Das Campus;L´Osteria;McDonalds;Library Café;Burger´s Bar";"Mensa;Das Campus;Das Campus (To-Go);L´Osteria;Das Glashaus;Das Glashaus (To-Go);Spar;Billa;Library Café;Anker;Baschly;Baschly (To-Go)";"Mensa;Das Campus (To-Go);Das Glashaus (To-Go);Spar;Billa;McDonalds;Anker;Baschly (To-Go)";Seltener als 1-Mal;1-Mal;Preis;Preis;Geschmack;Preis;Entfernung;Geschmack;Entfernung;Geschmack;Servicequalität;Geschmack;2
Weiblich;25;Student;3-Mal;;;WiSo;CBK/Hauptstudium;2;1;1;1;1;"Montag;Dienstag;Mittwoch";Nein;5 - 7,5 Minuten (Billa/L´Osteria);"Mensa;Das Campus;Das Campus (To-Go);L´Osteria;Spar;Billa;McDonalds;Library Café;Anker (Bäckerei);Baschly;Baschly (To-Go);die ALLEE";"Billa;Spar;Library Café";"Das Campus;L´Osteria;Spar;Billa;McDonalds;Library Café;die ALLEE";"Mensa;L´Osteria;Spar;Billa;McDonalds;die ALLEE";"Das Campus;L´Osteria;Library Café;die ALLEE";"Mensa;Das Campus;Das Campus (To-Go);Spar;Library Café;Baschly";"Mensa;Das Campus (To-Go);Spar;Billa;McDonalds";2-Mal;;Entfernung;Preis;Geschmack;Preis;Entfernung;Geschmack;Entfernung;Geschmack;Servicequalität;Geschmack;5
Männlich;22;Student;2-Mal;;;WiSo;CBK/Hauptstudium;1;1;1;1;1;"Montag;Dienstag;Mittwoch;Donnerstag";Nein;mehr als 10 Minuten (Schweizerhaus/Deewan);"Mensa;Das Campus;Das Campus (To-Go);L´Osteria;Spar;Billa;McDonalds;Library Café;Anker (Bäckerei);Baschly;Baschly (To-Go);Burger´s Bar";"Das Campus;L´Osteria;Library Café";"Baschly;Baschly (To-Go);Burger´s Bar";"Das Campus;Das Campus (To-Go);L´Osteria;Library Café;Baschly;Baschly (To-Go)";"Das Campus;Das Campus (To-Go);L´Osteria;Baschly";"Mensa;Das Campus;Das Campus (To-Go)";"Mensa;Das Campus (To-Go);Spar;Billa;Baschly (To-Go)";3-Mal;;Preis;Preis;Geschmack;Preis;Entfernung;Geschmack;Ambiente;Geschmack;Ambiente;Geschmack;3
Männlich;28;Student;Seltener als 1-Mal;1-Mal;;WiSo;CBK/Hauptstudium;2;1;1;1;1;Freitag;Nein;5 - 7,5 Minuten (Billa/L´Osteria);"Mensa;Das Campus;Spar;Billa;McDonalds;Library Café;Anker (Bäckerei)";"Billa;Spar;Anker";"Spar;Billa;Anker";"Spar;Billa";;"Spar;Billa";"Spar;Billa";5-Mal;;Entfernung;Preis;Geschmack;Preis;Entfernung;Geschmack;Entfernung;Geschmack;Servicequalität;Geschmack;5
Weiblich;25;Student;3-Mal;;;WiSo;CBK/Hauptstudium;2;1;1;1;1;"Montag;Dienstag;Mittwoch";Nein;5 - 7,5 Minuten (Billa/L´Osteria);"Mensa;Das Campus;Das Campus (To-Go);L´Osteria;Spar;Billa;McDonalds;Library Café;Anker (Bäckerei);Baschly;Baschly (To-Go);die ALLEE";"Billa;Spar;Library Café";"Das Campus;L´Osteria;Spar;Billa;McDonalds;Library Café;die ALLEE";"Mensa;L´Osteria;Spar;Billa;McDonalds;die ALLEE";"Das Campus;L´Osteria;Library Café;die ALLEE";"Mensa;Das Campus;Das Campus (To-Go);Spar;Library Café;Baschly";"Mensa;Das Campus (To-Go);Spar;Billa;McDonalds";2-Mal;;Entfernung;Preis;Geschmack;Preis;Entfernung;Geschmack;Entfernung;Geschmack;Servicequalität;Geschmack;5
Männlich;30;Angestellter der WU;2-Mal;;;;;5;5;5;4;3;"Montag;Dienstag;Mittwoch;Donnerstag;Freitag;Samstag";Ja;5 - 7,5 Minuten (Billa/L´Osteria);"Mensa;Das Campus;Das Campus (To-Go);L´Osteria;Das Glashaus;Das Glashaus (To-Go);Spar;Billa;Finn;Library Café;Baschly";"Das Campus;Das Glashaus;Baschly";"Das Campus;Das Glashaus;Baschly";"Das Campus;Das Glashaus;Finn;Baschly";"Das Campus;Finn;Baschly";"Mensa;Das Campus;Das Glashaus;Finn;Baschly";"Finn;Library Café";1-Mal;;Entfernung;Preis;Geschmack;Preis;Entfernung;Geschmack;Entfernung;Servicequalität;Servicequalität;Ambiente;5
Männlich;27;Angestellter der WU;Öfter als 7-Mal;;;;;3;1;1;1;1;"Montag;Dienstag;Mittwoch;Donnerstag;Freitag";Nein;Weniger als 5 Minuten (Mensa/Library Cafe);"McDonalds;Burger´s Bar";"Billa;McDonalds;Burger´s Bar";"Billa;McDonalds;Burger´s Bar";"Billa;McDonalds;Burger´s Bar";"Billa;McDonalds;Burger´s Bar";"Billa;McDonalds;Burger´s Bar";"Billa;McDonalds;Burger´s Bar";Nie;;Preis;Preis;Preis;Preis;Entfernung;Geschmack;Entfernung;Geschmack;Ambiente;Geschmack;2
Männlich;23;Student;3-Mal;;;WiSo;CBK/Hauptstudium;5;4;3;2;1;"Montag;Dienstag;Mittwoch";Nein;5 - 7,5 Minuten (Billa/L´Osteria);"Mensa;Das Campus;L´Osteria;Spar;Billa;Library Café;Anker (Bäckerei);Burger´s Bar";"Das Campus;L´Osteria;Spar";"Das Campus;L´Osteria";"Das Campus;L´Osteria";"Das Campus;L´Osteria";"Mensa;Das Campus;Spar";"Mensa;Spar;Billa";Nie;;Preis;Servicequalität;Geschmack;Preis;Servicequalität;Geschmack;Entfernung;Geschmack;Servicequalität;Geschmack;3
Weiblich;28;Angestellter der WU;4-Mal;;;;;5;3;2;1;1;"Dienstag;Mittwoch;Freitag";Nein;5 - 7,5 Minuten (Billa/L´Osteria);"Mensa;Das Campus;Das Campus (To-Go);L´Osteria;Spar;Billa;Library Café;Anker (Bäckerei);Baschly;Baschly (To-Go)";Das Campus;"Mensa;Das Campus;Das Campus (To-Go);Anker;Baschly";"Das Campus;Baschly";"Das Campus;Baschly";"Das Campus;Baschly";Baschly;2-Mal;;Preis;Servicequalität;Geschmack;Ambiente;Servicequalität;Geschmack;Ambiente;Servicequalität;Servicequalität;Geschmack;1
Männlich;22;Student;Seltener als 1-Mal;2-Mal;;WiSo;CBK/Hauptstudium;3;2;1;1;1;"Montag;Dienstag;Mittwoch;Donnerstag;Freitag";Nein;7,5 -10 Minuten (McDonalds/Felber);"Mensa;Spar;Billa;McDonalds;Anker (Bäckerei)";"Billa;Spar;McDonalds";"Mensa;McDonalds";"Mensa;Anker";"Mensa;Anker";Spar;Spar;3-Mal;;Preis;Preis;Preis;Preis;Entfernung;Geschmack;Entfernung;Geschmack;Ambiente;Geschmack;2
Männlich;23;Student;2-Mal;;;WiSo;CBK/Hauptstudium;5;3;1;1;1;"Dienstag;Donnerstag";Nein;7,5 -10 Minuten (McDonalds/Felber);"Mensa;L´Osteria;Spar;Billa;McDonalds;Finn;Library Café;Anker (Bäckerei);die ALLEE";"Mensa;Billa;Spar";"Mensa;L´Osteria;Spar;Billa;McDonalds;Finn;Library Café;Anker;die ALLEE";"Mensa;Billa;McDonalds;Finn;Library Café;Anker";"L´Osteria;Library Café;die ALLEE";"Mensa;Spar;Billa;McDonalds;Finn;Library Café;Anker";"Spar;Billa";Nie;;Preis;Preis;Preis;Preis;Servicequalität;Geschmack;Entfernung;Geschmack;Servicequalität;Geschmack;3
Männlich;22;Student;3-Mal;;;WiRe;;4;3;4;3;4;"Montag;Dienstag;Mittwoch;Donnerstag;Freitag";Ja;Weniger als 5 Minuten (Mensa/Library Cafe);"Mensa;Das Glashaus (To-Go);McDonalds;Baschly";"Das Campus (To-Go);Das Glashaus;Spar";"Das Campus (To-Go);Spar;McDonalds";"Spar;Baschly;die ALLEE";"Das Campus (To-Go);Das Glashaus (To-Go);Billa";"L´Osteria;Das Glashaus (To-Go);Billa";"Das Campus;L´Osteria;Das Glashaus (To-Go)";2-Mal;;Preis;Preis;Preis;Preis;Entfernung;Entfernung;Entfernung;Servicequalität;Servicequalität;Geschmack;4
Weiblich;22;Student;Seltener als 1-Mal;1-Mal;;WiSo;CBK/Hauptstudium;3;2;1;1;2;Freitag;Nein;5 - 7,5 Minuten (Billa/L´Osteria);"Mensa;Das Campus;Das Glashaus;Spar;Billa;McDonalds;Library Café";"Billa;Spar;McDonalds";"Mensa;Das Campus;Das Glashaus;McDonalds";"Das Campus;Das Glashaus";"Das Glashaus;Library Café";"Mensa;Das Campus;Spar;Billa";"Spar;Billa;McDonalds";2-Mal;;Preis;Preis;Geschmack;Preis;Entfernung;Geschmack;Entfernung;Geschmack;Servicequalität;Geschmack;2
Männlich;23;Student;Seltener als 1-Mal;1-Mal;;WiSo;CBK/Hauptstudium;4;2;1;1;1;Mittwoch;Nein;7,5 -10 Minuten (McDonalds/Felber);"Das Campus (To-Go);L´Osteria;Spar;Billa;McDonalds";"Das Campus (To-Go);L´Osteria;Billa";"Das Campus (To-Go);L´Osteria;Spar";"Das Campus (To-Go);L´Osteria";L´Osteria;"Das Campus (To-Go);L´Osteria;Spar";"Spar;Billa;McDonalds";2-Mal;;Preis;Preis;Geschmack;Preis;Entfernung;Entfernung;Entfernung;Geschmack;Servicequalität;Geschmack;2
Weiblich;24;Besucher;Seltener als 1-Mal;1-Mal;;;;2;1;1;1;1;Donnerstag;Nein;7,5 -10 Minuten (McDonalds/Felber);"Das Campus;L´Osteria;Spar;Billa;Library Café;Anker (Bäckerei)";Das Campus;"Das Campus;L´Osteria";"Das Campus;L´Osteria;Library Café;Anker";"Das Campus;L´Osteria;Library Café;Anker";"Das Campus;Spar;Billa;Library Café;Anker";"L´Osteria;Spar;Billa";Nie;;Preis;Preis;Preis;Preis;Entfernung;Geschmack;Entfernung;Geschmack;Servicequalität;Geschmack;2
Weiblich;20;Student;3-Mal;;;WiSo;CBK/Hauptstudium;3;1;2;2;1;"Montag;Mittwoch;Donnerstag";Nein;7,5 -10 Minuten (McDonalds/Felber);"Mensa;Das Campus;L´Osteria;Das Glashaus;Spar;Billa;McDonalds";"Mensa;L´Osteria;Spar";"Mensa;L´Osteria;Spar";"Mensa;L´Osteria;Das Glashaus";"Mensa;Das Campus;Das Glashaus;McDonalds";"Mensa;Spar;McDonalds";"Mensa;Spar;McDonalds";Seltener als 1-Mal;3-Mal;Entfernung;Preis;Geschmack;Preis;Entfernung;Geschmack;Entfernung;Geschmack;Servicequalität;Geschmack;5
Weiblich;23;Student;5-Mal;;;WiSo;CBK/Hauptstudium;3;4;5;4;3;"Montag;Dienstag;Mittwoch;Donnerstag;Freitag";Nein;5 - 7,5 Minuten (Billa/L´Osteria);"Mensa;Das Campus;Das Campus (To-Go);L´Osteria;Spar;Billa;McDonalds;Library Café;Anker (Bäckerei)";"Mensa;L´Osteria;McDonalds";"Mensa;Das Campus;Das Campus (To-Go);L´Osteria";"Das Campus;Das Campus (To-Go);L´Osteria";"Das Campus;L´Osteria";"Mensa;Das Campus;Spar";"Mensa;McDonalds";Nie;;Preis;Preis;Preis;Preis;Entfernung;Entfernung;Entfernung;Geschmack;Ambiente;Geschmack;4
Weiblich;20;Student;3-Mal;;;WiSo;CBK/Hauptstudium;4;3;5;1;2;"Montag;Dienstag;Mittwoch;Donnerstag;Freitag";Nein;mehr als 10 Minuten (Schweizerhaus/Deewan);"Mensa;Das Campus;L´Osteria;Das Glashaus;Spar;Billa;Anker (Bäckerei)";"Mensa;Spar;Anker";"Das Campus;L´Osteria;Das Glashaus;Spar;Anker";"L´Osteria;Das Glashaus";"Das Campus;L´Osteria;Das Glashaus";"Mensa;Das Campus;Spar;Anker";Spar;2-Mal;;Preis;Servicequalität;Geschmack;Preis;Servicequalität;Entfernung;Entfernung;Geschmack;Servicequalität;Geschmack;5
Weiblich;22;Besucher;2-Mal;;;;;4;1;1;1;1;"Montag;Dienstag;Mittwoch;Donnerstag";Nein;5 - 7,5 Minuten (Billa/L´Osteria);"Mensa;Das Campus (To-Go);L´Osteria;Spar;McDonalds;Library Café;Burger´s Bar";"L´Osteria;Spar;Burger´s Bar";"L´Osteria;McDonalds;Burger´s Bar";"L´Osteria;Spar;McDonalds;Library Café;Burger´s Bar";"L´Osteria;Burger´s Bar";"Mensa;Spar;Library Café";"Mensa;Spar;McDonalds";Nie;;Entfernung;Preis;Geschmack;Preis;Entfernung;Entfernung;Entfernung;Geschmack;Ambiente;Geschmack;2
Weiblich;22;Student;1-Mal;;;Masterstudium;;4;3;2;1;1;Mittwoch;Nein;5 - 7,5 Minuten (Billa/L´Osteria);"Mensa;Das Campus;Das Campus (To-Go);L´Osteria;Spar;Billa;McDonalds;Library Café;Anker (Bäckerei);Baschly";L´Osteria;"Mensa;Das Campus;Das Campus (To-Go);L´Osteria;Spar;Billa;McDonalds;Anker;Baschly;Burger´s Bar";"Das Campus;L´Osteria;Baschly";"Das Campus;L´Osteria;Baschly";"Mensa;Das Campus;Spar";"Mensa;L´Osteria;Spar;Billa";Nie;;Preis;Preis;Geschmack;Preis;Entfernung;Geschmack;Entfernung;Geschmack;Servicequalität;Geschmack;2
;;0;Nie;;;;;;;;;;;;;;;;;;;;;;;;;;;;;;;;
;;0;Nie;;;;;;;;;;;;;;;;;;;;;;;;;;;;;;;;
Männlich;22;Student;5-Mal;;;WiRe;;5;3;2;1;1;"Montag;Mittwoch;Freitag";Nein;Weniger als 5 Minuten (Mensa/Library Cafe);"Spar;Billa;McDonalds";"Billa;Spar;McDonalds";"Spar;Billa;McDonalds";"Spar;Billa;McDonalds";"Spar;Billa;McDonalds";"Spar;Billa;McDonalds";"Spar;Billa;McDonalds";1-Mal;;Entfernung;Servicequalität;Geschmack;Ambiente;Servicequalität;Geschmack;Ambiente;Geschmack;Ambiente;Ambiente;1
Männlich;47;Angestellter der WU;4-Mal;;;;;5;4;2;1;1;"Montag;Dienstag;Mittwoch;Donnerstag;Freitag";Nein;Weiß ich nicht;"Das Campus;Das Campus (To-Go);L´Osteria;Spar;Billa;McDonalds;Burger´s Bar";"Billa;McDonalds;Burger´s Bar";"Das Campus;Das Campus (To-Go);L´Osteria;Spar;Billa;McDonalds;Burger´s Bar";"Das Campus;Das Campus (To-Go);L´Osteria;Spar;Billa;McDonalds;Burger´s Bar";"Das Campus;Das Campus (To-Go);L´Osteria;Burger´s Bar";"Das Campus;Das Campus (To-Go);L´Osteria;Spar;Billa;McDonalds;Burger´s Bar";"Das Campus;Das Campus (To-Go);L´Osteria;Spar;Billa;McDonalds;Burger´s Bar";Seltener als 1-Mal;3-Mal;Entfernung;Servicequalität;Geschmack;Ambiente;Servicequalität;Geschmack;Ambiente;Geschmack;Servicequalität;Geschmack;1
;;0;Nie;;;;;;;;;;;;;;;;;;;;;;;;;;;;;;;;
Weiblich;52;Angestellter der WU;5-Mal;;;;;5;3;2;1;1;"Montag;Dienstag;Mittwoch;Donnerstag;Freitag";Ja;7,5 -10 Minuten (McDonalds/Felber);die ALLEE;"Mensa;Das Campus;Das Glashaus";"Mensa;Das Campus;Das Glashaus";Das Glashaus;"Mensa;Das Campus;Das Glashaus";Mensa;Mensa;Seltener als 1-Mal;3-Mal;Entfernung;Preis;Geschmack;Preis;Entfernung;Entfernung;Entfernung;Geschmack;Servicequalität;Geschmack;2
Weiblich;22;Besucher;Seltener als 1-Mal;1-Mal;;;;4;3;3;2;2;Samstag;Ja;7,5 -10 Minuten (McDonalds/Felber);"L´Osteria;Billa;McDonalds";"L´Osteria;McDonalds";L´Osteria;L´Osteria;L´Osteria;"L´Osteria;Billa;McDonalds";"Billa;McDonalds";2-Mal;;Preis;Preis;Geschmack;Preis;Entfernung;Geschmack;Entfernung;Geschmack;Servicequalität;Geschmack;2
Männlich;23;Student;1-Mal;;;WiSo;CBK/Hauptstudium;4;3;2;1;1;"Montag;Dienstag;Mittwoch;Donnerstag;Freitag";Nein;5 - 7,5 Minuten (Billa/L´Osteria);"Mensa;Das Campus;L´Osteria;Spar;McDonalds;Anker (Bäckerei)";"Mensa;L´Osteria;Spar";"Mensa;Das Campus;L´Osteria;Spar;McDonalds;Anker";"Mensa;Das Campus;L´Osteria;Spar;McDonalds;Anker";"Mensa;Das Campus;L´Osteria;Spar";"Mensa;Das Campus;L´Osteria;Spar";"Mensa;Spar";Seltener als 1-Mal;2-Mal;Entfernung;Servicequalität;Geschmack;Ambiente;Servicequalität;Geschmack;Ambiente;Geschmack;Ambiente;Geschmack;1
Männlich;23;Student;1-Mal;;;WiSo;CBK/Hauptstudium;4;3;2;1;1;"Montag;Dienstag;Mittwoch;Donnerstag;Freitag";Nein;5 - 7,5 Minuten (Billa/L´Osteria);"Mensa;Das Campus;L´Osteria;Spar;McDonalds;Anker (Bäckerei)";"Mensa;L´Osteria;Spar";"Mensa;Das Campus;L´Osteria;Spar;McDonalds;Anker";"Mensa;Das Campus;L´Osteria;Spar;McDonalds;Anker";"Mensa;Das Campus;L´Osteria;Spar";"Mensa;Das Campus;L´Osteria;Spar";"Mensa;Spar";Seltener als 1-Mal;2-Mal;Entfernung;Servicequalität;Geschmack;Ambiente;Servicequalität;Geschmack;Ambiente;Geschmack;Ambiente;Geschmack;1
Männlich;27;Angestellter der WU;Seltener als 1-Mal;2-Mal;;;;5;3;3;2;1;Montag;Nein;7,5 -10 Minuten (McDonalds/Felber);"Spar;Billa;McDonalds;Anker (Bäckerei);Burger´s Bar";"McDonalds;Burger´s Bar";"Spar;Billa;McDonalds;Santa Cruz;Burger´s Bar";"Spar;Billa;McDonalds;Santa Cruz;Burger´s Bar";"McDonalds;Santa Cruz;Burger´s Bar";"Spar;Billa;McDonalds;Santa Cruz;Burger´s Bar";"Spar;Billa;Santa Cruz;Burger´s Bar";Nie;;Preis;Preis;Geschmack;Preis;Entfernung;Geschmack;Entfernung;Geschmack;Servicequalität;Geschmack;2
Weiblich;30;Angestellter der WU;4-Mal;;;;;5;5;4;2;1;"Montag;Dienstag;Mittwoch;Donnerstag";Ja;7,5 -10 Minuten (McDonalds/Felber);"Mensa;Das Campus;Das Campus (To-Go);L´Osteria;Das Glashaus;Das Glashaus (To-Go);Spar;Billa;McDonalds;Library Café;Anker (Bäckerei);Baschly;Baschly (To-Go);die ALLEE";"Das Campus;Das Glashaus;Baschly";"Mensa;Das Campus;Das Campus (To-Go);L´Osteria;Baschly";"Mensa;Das Campus;Das Campus (To-Go);L´Osteria;Das Glashaus (To-Go);Baschly";"Das Campus;Das Campus (To-Go);Das Glashaus;Library Café;Baschly";"Mensa;Das Campus;Das Campus (To-Go);L´Osteria;Das Glashaus;Das Glashaus (To-Go);Spar;Billa;McDonalds;Library Café;Anker;Baschly;Baschly (To-Go)";"Mensa;L´Osteria;Spar;Billa;McDonalds";Seltener als 1-Mal;1-Mal;Preis;Servicequalität;Preis;Ambiente;Entfernung;Geschmack;Entfernung;Servicequalität;Servicequalität;Geschmack;5
Weiblich;38;Student;3-Mal;;;WiSo;CBK/Hauptstudium;4;4;3;2;1;"Montag;Mittwoch;Donnerstag";Nein;5 - 7,5 Minuten (Billa/L´Osteria);"Mensa;Das Campus;Das Glashaus;Spar";"Mensa;Das Campus;Das Glashaus";"Mensa;Das Campus;Das Glashaus";"Mensa;Das Campus;Das Glashaus";"Mensa;Das Campus;Das Glashaus";"Mensa;Das Campus;Das Glashaus";Mensa;Nie;;Entfernung;Servicequalität;Geschmack;Ambiente;Entfernung;Geschmack;Entfernung;Geschmack;Servicequalität;Geschmack;5
Männlich;28;Student;Seltener als 1-Mal;1-Mal;;WiSo;CBK/Hauptstudium;4;1;1;1;1;Mittwoch;Nein;Weiß ich nicht;"Mensa;Spar;McDonalds;Library Café;Anker (Bäckerei)";"Spar;Library Café;Anker";Library Café;"Library Café;Anker";Library Café;Spar;Spar;Nie;;Preis;Servicequalität;Geschmack;Preis;Servicequalität;Geschmack;Ambiente;Geschmack;Servicequalität;Geschmack;3
;;0;Nie;;;;;;;;;;;;;;;;;;;;;;;;;;;;;;;;
Weiblich;38;Student;3-Mal;;;WiSo;CBK/Hauptstudium;4;4;3;2;1;"Montag;Mittwoch;Donnerstag";Nein;5 - 7,5 Minuten (Billa/L´Osteria);"Mensa;Das Campus;Das Glashaus;Spar";"Mensa;Das Campus;Das Glashaus";"Mensa;Das Campus;Das Glashaus";"Mensa;Das Campus;Das Glashaus";"Mensa;Das Campus;Das Glashaus";"Mensa;Das Campus;Das Glashaus";Mensa;Nie;;Entfernung;Servicequalität;Geschmack;Ambiente;Entfernung;Geschmack;Entfernung;Geschmack;Servicequalität;Geschmack;5
Männlich;47;Angestellter der WU;4-Mal;;;;;5;4;2;1;1;"Montag;Dienstag;Mittwoch;Donnerstag;Freitag";Nein;Weiß ich nicht;"Das Campus;Das Campus (To-Go);L´Osteria;Spar;Billa;McDonalds;Burger´s Bar";"Billa;McDonalds;Burger´s Bar";"Das Campus;Das Campus (To-Go);L´Osteria;Spar;Billa;McDonalds;Burger´s Bar";"Das Campus;Das Campus (To-Go);L´Osteria;Spar;Billa;McDonalds;Burger´s Bar";"Das Campus;Das Campus (To-Go);L´Osteria;Burger´s Bar";"Das Campus;Das Campus (To-Go);L´Osteria;Spar;Billa;McDonalds;Burger´s Bar";"Das Campus;Das Campus (To-Go);L´Osteria;Spar;Billa;McDonalds;Burger´s Bar";Seltener als 1-Mal;3-Mal;Entfernung;Servicequalität;Geschmack;Ambiente;Servicequalität;Geschmack;Ambiente;Geschmack;Servicequalität;Geschmack;1
Männlich;27;Angestellter der WU;Seltener als 1-Mal;2-Mal;;;;5;3;3;2;1;Montag;Nein;7,5 -10 Minuten (McDonalds/Felber);"Spar;Billa;McDonalds;Anker (Bäckerei);Burger´s Bar";"McDonalds;Burger´s Bar";"Spar;Billa;McDonalds;Santa Cruz;Burger´s Bar";"Spar;Billa;McDonalds;Santa Cruz;Burger´s Bar";"McDonalds;Santa Cruz;Burger´s Bar";"Spar;Billa;McDonalds;Santa Cruz;Burger´s Bar";"Spar;Billa;Santa Cruz;Burger´s Bar";Nie;;Preis;Preis;Geschmack;Preis;Entfernung;Geschmack;Entfernung;Geschmack;Servicequalität;Geschmack;2
Weiblich;22;Student;2-Mal;;;WiSo;CBK/Hauptstudium;2;1;1;1;1;"Dienstag;Donnerstag";Nein;5 - 7,5 Minuten (Billa/L´Osteria);"Mensa;Das Campus (To-Go)";"Mensa;Das Campus (To-Go);L´Osteria";"Mensa;Das Campus (To-Go);L´Osteria";Das Campus (To-Go);Das Campus;Mensa;"Mensa;Das Campus (To-Go)";2-Mal;;Preis;Preis;Preis;Preis;Entfernung;Entfernung;Entfernung;Geschmack;Ambiente;Geschmack;4
Weiblich;25;Student;5-Mal;;;WiSo;CBK/Hauptstudium;5;5;4;3;2;"Montag;Dienstag;Mittwoch;Donnerstag";Ja;5 - 7,5 Minuten (Billa/L´Osteria);"Mensa;Das Campus (To-Go);Das Glashaus;Spar;McDonalds;Library Café;Baschly;die ALLEE;Dinner in the Sky;Burger´s Bar";"Das Campus (To-Go);Das Glashaus;Billa";"Mensa;Das Campus (To-Go);Das Glashaus;Spar;McDonalds";"Das Campus (To-Go);Das Glashaus;Spar;McDonalds;Library Café;Baschly;die ALLEE";"Das Glashaus;Library Café;Baschly;die ALLEE";"Mensa;Das Campus (To-Go);Das Glashaus;Spar;McDonalds;Library Café;Baschly;die ALLEE";"Mensa;Spar;McDonalds";Nie;;Entfernung;Preis;Preis;Ambiente;Entfernung;Geschmack;Ambiente;Servicequalität;Servicequalität;Geschmack;5
Weiblich;23;Student;1-Mal;;;WiSo;CBK/Hauptstudium;5;4;2;1;1;"Montag;Dienstag;Mittwoch;Donnerstag";Nein;7,5 -10 Minuten (McDonalds/Felber);"Mensa;Das Campus (To-Go);L´Osteria;Spar;Billa;Library Café;Anker (Bäckerei);die ALLEE";"Mensa;L´Osteria;Library Café";"Mensa;L´Osteria;die ALLEE";"L´Osteria;die ALLEE";"L´Osteria;die ALLEE";"Mensa;Spar;Billa;Library Café";"Mensa;Spar;Billa;Library Café";3-Mal;;Entfernung;Preis;Geschmack;Preis;Entfernung;Geschmack;Entfernung;Geschmack;Ambiente;Geschmack;2
Männlich;24;Student;3-Mal;;;WiSo;CBK/Hauptstudium;5;4;4;4;2;"Montag;Dienstag;Mittwoch;Donnerstag;Freitag";Nein;7,5 -10 Minuten (McDonalds/Felber);"Mensa;Spar;Billa;McDonalds;Library Café;Anker (Bäckerei);Baschly;Baschly (To-Go)";"Mensa;Spar;Anker";"Mensa;L´Osteria;Spar;Baschly";"Mensa;L´Osteria;Spar;Anker";"Mensa;Spar;Anker";"Mensa;Spar;Anker";"Mensa;Spar";2-Mal;;Entfernung;Preis;Preis;Preis;Entfernung;Geschmack;Entfernung;Geschmack;Servicequalität;Geschmack;2
Männlich;35;Angestellter der WU;4-Mal;;;;;5;5;4;2;2;"Montag;Dienstag;Mittwoch;Donnerstag;Freitag;Samstag";Ja;7,5 -10 Minuten (McDonalds/Felber);"Mensa;Das Campus;L´Osteria;Spar;Billa;Library Café;Anker (Bäckerei);Baschly;Baschly (To-Go)";"Mensa;Das Campus;L´Osteria";"Mensa;Das Campus;L´Osteria;Spar;Billa;Anker;Baschly;Baschly (To-Go)";"Mensa;Das Campus;L´Osteria;Spar;Billa;Library Café;Anker;Baschly;Baschly (To-Go)";"Das Campus;L´Osteria;Baschly";"Mensa;Das Campus;L´Osteria;Spar;Billa;Library Café;Anker;Baschly;Baschly (To-Go)";"Mensa;Spar;Billa;Anker";1-Mal;;Entfernung;Servicequalität;Geschmack;Preis;Entfernung;Geschmack;Entfernung;Geschmack;Servicequalität;Geschmack;5
Männlich;22;Student;4-Mal;;;WiSo;CBK/Hauptstudium;4;1;1;1;1;"Montag;Dienstag;Mittwoch;Donnerstag;Freitag";Nein;Weniger als 5 Minuten (Mensa/Library Cafe);"Mensa;Das Campus;Das Campus (To-Go);Spar;Billa;McDonalds;Library Café";Mensa;"Mensa;Das Campus;Das Campus (To-Go)";"Mensa;Das Campus";"Mensa;Das Campus";"Mensa;Das Campus";"Mensa;Spar;Billa";Seltener als 1-Mal;2-Mal;Preis;Preis;Geschmack;Preis;Entfernung;Geschmack;Entfernung;Geschmack;Servicequalität;Geschmack;2
Weiblich;40;Angestellter der WU;4-Mal;;;;;5;5;5;5;3;"Montag;Dienstag;Mittwoch;Donnerstag;Freitag;Samstag";Ja;5 - 7,5 Minuten (Billa/L´Osteria);"Mensa;Das Campus;L´Osteria;Spar;Billa;Library Café;Anker (Bäckerei);Baschly";"Mensa;Das Campus;Anker";"Mensa;Das Campus;L´Osteria;Spar;Billa;Library Café;Anker;Baschly";"Mensa;Das Campus;L´Osteria;Spar;Billa;Library Café;Anker;Baschly";"Das Campus;L´Osteria";"Mensa;Das Campus;L´Osteria;Library Café;Anker;Baschly";"Mensa;Spar;Billa;Anker";3-Mal;;Entfernung;Preis;Geschmack;Preis;Entfernung;Geschmack;Entfernung;Geschmack;Servicequalität;Geschmack;5
Männlich;21;Student;4-Mal;;;WiSo;CBK/Hauptstudium;4;2;2;1;1;"Montag;Dienstag;Mittwoch;Donnerstag";Nein;5 - 7,5 Minuten (Billa/L´Osteria);"Mensa;Das Campus;Das Campus (To-Go);L´Osteria;Spar;Billa;McDonalds;Library Café;Baschly";"Mensa;L´Osteria;Spar";"Mensa;Das Campus;L´Osteria";Spar;"Mensa;Das Campus;L´Osteria";"Mensa;Das Campus;Spar";"Mensa;Spar;Billa";1-Mal;;Preis;Preis;Geschmack;Preis;Entfernung;Geschmack;Entfernung;Geschmack;Ambiente;Geschmack;2
Weiblich;23;Besucher;Nie;;Ja;;;2;2;1;1;1;Montag;Nein;5 - 7,5 Minuten (Billa/L´Osteria);"L´Osteria;Billa";"Das Campus (To-Go);L´Osteria";L´Osteria;L´Osteria;L´Osteria;L´Osteria;L´Osteria;Nie;;Preis;Preis;Preis;Preis;Entfernung;Entfernung;Entfernung;Geschmack;Ambiente;Geschmack;4
Männlich;22;Besucher;Nie;;Ja;;;3;2;1;1;1;Montag;Nein;Weiß ich nicht;Burger´s Bar;"L´Osteria;Das Glashaus;Burger´s Bar";"L´Osteria;McDonalds;Burger´s Bar";"Mensa;L´Osteria;Burger´s Bar";"L´Osteria;Das Glashaus;Burger´s Bar";"Mensa;Burger´s Bar";Mensa;Nie;;Preis;Preis;Geschmack;Preis;Entfernung;Geschmack;Entfernung;Geschmack;Ambiente;Geschmack;2
Männlich;31;Angestellter der WU;2-Mal;;;;;5;5;2;1;1;"Montag;Dienstag;Mittwoch";Ja;Weniger als 5 Minuten (Mensa/Library Cafe);"Mensa;Das Campus;Spar;Billa;Anker (Bäckerei);Baschly";"Mensa;Das Campus;Spar";"Mensa;Das Campus;L´Osteria;Spar;Billa;Library Café;Anker;Baschly";"Mensa;Das Campus;L´Osteria;Spar;Billa;Library Café;Anker;Baschly";"Das Campus;L´Osteria;Anker";"Mensa;Das Campus;Spar;Billa;Library Café;Anker;Baschly";"Mensa;Spar;Billa;Anker";4-Mal;;Preis;Preis;Geschmack;Preis;Entfernung;Geschmack;Entfernung;Geschmack;Servicequalität;Geschmack;2
Männlich;25;Student;6-Mal;;;WiRe;;3;2;1;1;1;"Montag;Dienstag;Mittwoch;Donnerstag;Freitag;Samstag";Nein;7,5 -10 Minuten (McDonalds/Felber);"Mensa;Das Campus;Das Campus (To-Go);L´Osteria;Spar;Billa;McDonalds;Library Café;Anker (Bäckerei)";"Mensa;Billa;Spar";"Mensa;Das Campus;L´Osteria;Spar;Billa;Baschly";"Mensa;Spar;Billa;Anker;Baschly (To-Go)";"Mensa;Das Campus;L´Osteria;Spar;Billa;Baschly (To-Go)";"Mensa;Das Campus;L´Osteria;Spar;Billa;Baschly";"Mensa;Das Campus;Das Campus (To-Go);Spar;Billa;Anker;Baschly (To-Go)";Nie;;Preis;Preis;Preis;Preis;Entfernung;Entfernung;Entfernung;Geschmack;Servicequalität;Geschmack;4
Männlich;24;Student;1-Mal;;;Masterstudium;;4;3;2;1;1;Freitag;Ja;5 - 7,5 Minuten (Billa/L´Osteria);"Mensa;Das Campus;Das Campus (To-Go);L´Osteria;Spar;Billa;Finn;Library Café;Anker (Bäckerei);Baschly;Baschly (To-Go)";"L´Osteria;Finn;Baschly";"L´Osteria;Finn;Baschly";Baschly;"Das Campus;Das Glashaus";Baschly;"Finn;Baschly";Nie;;Preis;Preis;Geschmack;Preis;Entfernung;Geschmack;Entfernung;Geschmack;Servicequalität;Geschmack;2
Weiblich;23;Besucher;1-Mal;;;;;3;2;1;1;1;Mittwoch;Nein;5 - 7,5 Minuten (Billa/L´Osteria);"Mensa;Das Campus;L´Osteria;Das Glashaus;Spar;Burger´s Bar";"Mensa;Das Glashaus";"Mensa;L´Osteria;Das Glashaus;Burger´s Bar";"Mensa;L´Osteria;Burger´s Bar";"Mensa;L´Osteria;Das Glashaus;Burger´s Bar";"Mensa;Das Glashaus;Spar";Mensa;1-Mal;;Preis;Preis;Geschmack;Preis;Entfernung;Geschmack;Entfernung;Geschmack;Ambiente;Geschmack;2
Männlich;26;Angestellter der WU;4-Mal;;;;;5;4;3;2;1;"Dienstag;Mittwoch;Donnerstag";Ja;mehr als 10 Minuten (Schweizerhaus/Deewan);"Mensa;Das Campus;Das Campus (To-Go);L´Osteria;Spar;Billa;McDonalds;Library Café;Anker (Bäckerei);Baschly;Baschly (To-Go);die ALLEE;Burger´s Bar";"Das Campus (To-Go);Baschly;Burger´s Bar";"Das Campus;L´Osteria;Baschly;Burger´s Bar";"Das Campus (To-Go);Baschly (To-Go);Burger´s Bar";"Das Campus;L´Osteria;Burger´s Bar";"Das Campus;Das Campus (To-Go);L´Osteria;Spar;Billa;Library Café;Baschly;Baschly (To-Go)";"Das Campus (To-Go);Spar;Baschly (To-Go)";Nie;;Preis;Preis;Geschmack;Preis;Entfernung;Geschmack;Entfernung;Geschmack;Servicequalität;Geschmack;2
Weiblich;20;Student;5-Mal;;;WiSo;Steop;4;2;1;1;1;"Montag;Dienstag;Mittwoch;Donnerstag;Freitag";Ja;Weniger als 5 Minuten (Mensa/Library Cafe);"Mensa;L´Osteria;Spar;Library Café";"Mensa;Spar;Library Café";"Mensa;L´Osteria;Spar;Library Café";"Mensa;L´Osteria;Spar;Library Café";"L´Osteria;Library Café";"Mensa;L´Osteria;Spar;Library Café";"Mensa;Spar";1-Mal;;Preis;Preis;Preis;Preis;Entfernung;Geschmack;Entfernung;Geschmack;Servicequalität;Geschmack;2
Weiblich;21;Student;2-Mal;;;WiRe;;3;2;1;1;1;"Dienstag;Donnerstag";Nein;5 - 7,5 Minuten (Billa/L´Osteria);"Mensa;Das Campus (To-Go);Das Glashaus (To-Go);Library Café;Anker (Bäckerei);Baschly (To-Go);die ALLEE";"Mensa;L´Osteria;Baschly";"Mensa;Das Campus;Das Campus (To-Go);L´Osteria;Library Café;Baschly;Burger´s Bar";"Mensa;Das Campus (To-Go);Baschly (To-Go)";"Das Campus;L´Osteria;Baschly;Burger´s Bar";"Mensa;Das Campus (To-Go);Spar;Billa;Anker;Baschly;Baschly (To-Go)";"Mensa;Das Campus (To-Go);Spar;Billa;McDonalds;Baschly (To-Go)";Seltener als 1-Mal;2-Mal;Preis;Preis;Geschmack;Ambiente;Entfernung;Geschmack;Ambiente;Geschmack;Servicequalität;Geschmack;3
Männlich;22;Student;4-Mal;;;WiSo;CBK/Hauptstudium;5;3;2;1;1;"Montag;Dienstag;Mittwoch;Donnerstag";Ja;7,5 -10 Minuten (McDonalds/Felber);"Mensa;Das Campus;L´Osteria;Spar;Billa;McDonalds;Library Café;Anker (Bäckerei);Baschly;Baschly (To-Go)";"Mensa;Das Campus;Library Café";"Mensa;Das Campus;L´Osteria;Library Café;Anker;Baschly";"Mensa;Das Campus;Das Campus (To-Go);L´Osteria;Spar;Billa;Library Café;Baschly";"Mensa;Das Campus;L´Osteria;Library Café;Baschly;Baschly (To-Go)";"Mensa;Das Campus;Spar;Library Café;Anker;Baschly";"Mensa;Spar;Billa;Library Café";Nie;;Preis;Servicequalität;Geschmack;Preis;Servicequalität;Geschmack;Ambiente;Geschmack;Servicequalität;Geschmack;3
Männlich;25;Angestellter der WU;4-Mal;;;;;5;4;3;3;2;"Montag;Mittwoch;Freitag";Nein;5 - 7,5 Minuten (Billa/L´Osteria);"Das Campus;Das Campus (To-Go);Spar;Billa;McDonalds;Baschly;Baschly (To-Go)";"Mensa;Das Campus;McDonalds";"Das Campus;L´Osteria";"Mensa;McDonalds";"Das Campus;L´Osteria";Spar;"Spar;Billa";2-Mal;;Entfernung;Servicequalität;Geschmack;Preis;Servicequalität;Geschmack;Entfernung;Geschmack;Servicequalität;Geschmack;5
Männlich;21;Student;4-Mal;;;WiSo;CBK/Hauptstudium;4;2;2;1;1;"Montag;Dienstag;Mittwoch;Donnerstag;Freitag;Samstag";Nein;7,5 -10 Minuten (McDonalds/Felber);"Mensa;Das Campus (To-Go);Spar;Billa;McDonalds;Baschly;Fire Noodles";"Mensa;Billa;Spar";"Mensa;Spar;Billa;Baschly";Mensa;Mensa;"Mensa;Spar;Billa";"Mensa;Spar;Billa";Nie;;Preis;Preis;Geschmack;Preis;Servicequalität;Geschmack;Ambiente;Geschmack;Servicequalität;Geschmack;3
Männlich;21;Besucher;3-Mal;;;;;5;4;2;1;1;"Dienstag;Mittwoch;Donnerstag;Freitag";Nein;7,5 -10 Minuten (McDonalds/Felber);"Mensa;L´Osteria;Spar;Billa;McDonalds;Library Café;Anker (Bäckerei);Baschly;Burger´s Bar";"Mensa;Baschly;Burger´s Bar";"Mensa;L´Osteria;Spar;Billa;McDonalds;Library Café;Anker;Baschly;Burger´s Bar";"Mensa;L´Osteria;Spar;Billa;McDonalds;Library Café;Anker;Baschly;Burger´s Bar";"Mensa;L´Osteria;Spar;Billa;McDonalds;Library Café;Anker;Baschly;Burger´s Bar";"Mensa;L´Osteria;Spar;Billa;McDonalds;Library Café;Anker;Baschly;Burger´s Bar";"Mensa;Spar;Billa;McDonalds;Anker";1-Mal;;Entfernung;Preis;Preis;Preis;Entfernung;Geschmack;Entfernung;Geschmack;Ambiente;Geschmack;2
Weiblich;21;Student;3-Mal;;;WiRe;;4;4;3;2;1;"Dienstag;Mittwoch;Donnerstag";Nein;7,5 -10 Minuten (McDonalds/Felber);"Mensa;Das Campus;Das Glashaus;Spar;Billa;Library Café;Baschly;Baschly (To-Go);FireNoodles";"Mensa;Spar;Baschly (To-Go)";"Mensa;Das Campus;Spar;Billa;Baschly;Baschly (To-Go)";"Mensa;Spar;Billa;Baschly";"Das Campus;Library Café";"Mensa;Das Campus;Spar;Baschly;Baschly (To-Go)";"Mensa;Spar;Billa;Baschly (To-Go)";Nie;;Preis;Servicequalität;Geschmack;Preis;Servicequalität;Geschmack;Entfernung;Geschmack;Servicequalität;Geschmack;3
Männlich;22;Student;3-Mal;;;WiSo;CBK/Hauptstudium;2;1;1;1;1;"Dienstag;Mittwoch;Donnerstag";Nein;5 - 7,5 Minuten (Billa/L´Osteria);"Mensa;Das Campus;L´Osteria;Spar;Billa;McDonalds;Baschly";"Mensa;Billa;Spar";"Mensa;Das Campus;L´Osteria;Spar;Billa;McDonalds";"Mensa;Das Campus;L´Osteria;Spar";"Mensa;Das Campus;L´Osteria;Spar;Billa";"Mensa;Spar";"Mensa;Spar;Billa";Seltener als 1-Mal;1-Mal;Entfernung;Preis;Geschmack;Preis;Entfernung;Entfernung;Entfernung;Geschmack;Servicequalität;Geschmack;2
Männlich;22;Student;4-Mal;;;WiSo;CBK/Hauptstudium;5;4;3;2;1;"Montag;Dienstag;Mittwoch;Donnerstag;Freitag";Ja;7,5 -10 Minuten (McDonalds/Felber);"Mensa;Das Glashaus (To-Go);Spar;Billa;McDonalds;Library Café;Anker (Bäckerei);Fire Noodles";"Mensa;Library Café;Baschly (To-Go)";"Mensa;Das Glashaus (To-Go);Spar;Billa";"Mensa;Das Glashaus (To-Go);Spar;Billa";Mensa;"Mensa;Spar;Billa";"Mensa;Spar;Billa";Nie;;Entfernung;Preis;Geschmack;Preis;Entfernung;Geschmack;Entfernung;Geschmack;Servicequalität;Geschmack;5
Weiblich;23;Student;4-Mal;;;Masterstudium;;2;1;1;1;1;"Montag;Dienstag;Mittwoch;Donnerstag";Ja;5 - 7,5 Minuten (Billa/L´Osteria);"Mensa;Das Campus;Spar;Billa;Library Café;Anker (Bäckerei);Baschly (To-Go);die ALLEE";"Das Campus;L´Osteria;Das Glashaus";"Das Campus;L´Osteria;Das Glashaus;Spar;Billa;die ALLEE";"L´Osteria;Das Glashaus;Spar;Billa;die ALLEE";"Das Campus;Das Glashaus;die ALLEE";"Das Campus;Spar";"L´Osteria;Spar;Billa";Nie;;Preis;Preis;Geschmack;Preis;Entfernung;Geschmack;Entfernung;Geschmack;Ambiente;Geschmack;2
Männlich;24;Student;3-Mal;;;WiRe;;1;1;1;1;1;"Dienstag;Mittwoch;Donnerstag";Nein;Weniger als 5 Minuten (Mensa/Library Cafe);"Mensa;Das Campus;L´Osteria;Das Glashaus;Spar;Billa;McDonalds;Finn;Library Café;Baschly;die ALLEE;Burger´s Bar";"Das Campus (To-Go);Dinner in the Sky;Franz & Flora";"Baschly (To-Go);Santa Cruz;Franz & Flora";"Das Glashaus;Spar;Billa";"Das Campus (To-Go);Das Glashaus (To-Go);Billa";"Das Campus (To-Go);Das Glashaus;McDonalds";"Das Campus;Das Glashaus;Spar";1-Mal;;Preis;Preis;Preis;Preis;Entfernung;Entfernung;Entfernung;Geschmack;Servicequalität;Ambiente;4
Männlich;22;Student;4-Mal;;;WiSo;CBK/Hauptstudium;4;1;1;1;1;"Montag;Dienstag;Mittwoch;Donnerstag;Freitag";Nein;Weniger als 5 Minuten (Mensa/Library Cafe);"Mensa;Das Campus;Das Campus (To-Go);Spar;Billa;McDonalds;Library Café";Mensa;"Mensa;Das Campus;Das Campus (To-Go)";"Mensa;Das Campus";"Mensa;Das Campus";"Mensa;Das Campus";"Mensa;Spar;Billa";Seltener als 1-Mal;2-Mal;Preis;Preis;Geschmack;Preis;Entfernung;Geschmack;Entfernung;Geschmack;Servicequalität;Geschmack;2
Männlich;22;Student;3-Mal;;;WiSo;CBK/Hauptstudium;2;2;1;1;1;"Montag;Dienstag;Donnerstag";Ja;Weniger als 5 Minuten (Mensa/Library Cafe);"Mensa;Das Campus;Das Campus (To-Go);L´Osteria;Spar;Billa;McDonalds;Library Café;Anker (Bäckerei);Baschly;Baschly (To-Go)";"Mensa;Billa;Spar";"Mensa;Das Campus;Das Campus (To-Go);L´Osteria;Spar;Billa;McDonalds;Library Café;Anker;Baschly;Baschly (To-Go);die ALLEE";"Mensa;Das Campus;L´Osteria;Spar;Billa";"Mensa;L´Osteria;Spar;Billa";"Mensa;Das Campus;L´Osteria;Spar;Billa;McDonalds;Library Café;Anker;Baschly";"Mensa;Spar;Billa";2-Mal;;Preis;Preis;Preis;Preis;Servicequalität;Geschmack;Ambiente;Geschmack;Servicequalität;Geschmack;3
Männlich;26;Student;2-Mal;;;WiSo;CBK/Hauptstudium;4;3;2;1;1;"Dienstag;Donnerstag";Nein;7,5 -10 Minuten (McDonalds/Felber);"Mensa;Das Campus;Spar;Billa;Library Café;Anker (Bäckerei);Baschly (To-Go)";"Mensa;Das Campus;L´Osteria";"Mensa;Das Campus (To-Go);L´Osteria;Das Glashaus (To-Go);Billa";"Mensa;Das Campus;Das Glashaus (To-Go);Spar";"Das Campus;L´Osteria;Das Glashaus (To-Go);Billa";"Das Campus;Das Glashaus;Spar";"Mensa;Das Glashaus;Spar";2-Mal;;Preis;Preis;Geschmack;Preis;Entfernung;Geschmack;Entfernung;Geschmack;Ambiente;Geschmack;2
Männlich;22;Student;5-Mal;;;WiSo;CBK/Hauptstudium;2;2;1;1;1;"Montag;Dienstag;Mittwoch;Donnerstag;Freitag";Nein;5 - 7,5 Minuten (Billa/L´Osteria);"Mensa;Das Campus;Das Campus (To-Go);L´Osteria;Das Glashaus;Das Glashaus (To-Go);Spar;Billa;McDonalds;Finn;Library Café;Anker (Bäckerei);Baschly;Baschly (To-Go);die ALLEE";"Mensa;Das Campus;L´Osteria";"Das Campus;L´Osteria;Das Glashaus;Anker;Baschly;die ALLEE";"Mensa;Das Campus;L´Osteria;Das Glashaus;Spar;Anker;die ALLEE";"Das Campus;L´Osteria;Das Glashaus;Anker;Baschly;die ALLEE";"Mensa;Das Campus;Das Campus (To-Go);L´Osteria;Das Glashaus;Das Glashaus (To-Go);Spar;Billa;Library Café;Anker;Baschly;Baschly (To-Go)";"Mensa;Spar;Billa;McDonalds;Anker;Baschly";Nie;;Entfernung;Preis;Geschmack;Preis;Entfernung;Geschmack;Entfernung;Geschmack;Ambiente;Geschmack;2
Weiblich;23;Student;4-Mal;;;Masterstudium;;2;1;1;1;1;"Montag;Dienstag;Mittwoch;Donnerstag";Ja;5 - 7,5 Minuten (Billa/L´Osteria);"Mensa;Das Campus;Spar;Billa;Library Café;Anker (Bäckerei);Baschly (To-Go);die ALLEE";"Das Campus;L´Osteria;Das Glashaus";"Das Campus;L´Osteria;Das Glashaus;Spar;Billa;die ALLEE";"L´Osteria;Das Glashaus;Spar;Billa;die ALLEE";"Das Campus;Das Glashaus;die ALLEE";"Das Campus;Spar";"L´Osteria;Spar;Billa";Nie;;Preis;Preis;Geschmack;Preis;Entfernung;Geschmack;Entfernung;Geschmack;Ambiente;Geschmack;2
Männlich;26;Student;2-Mal;;;WiSo;CBK/Hauptstudium;4;3;2;1;1;"Dienstag;Donnerstag";Nein;7,5 -10 Minuten (McDonalds/Felber);"Mensa;Das Campus;Spar;Billa;Library Café;Anker (Bäckerei);Baschly (To-Go)";"Mensa;Das Campus;L´Osteria";"Mensa;Das Campus (To-Go);L´Osteria;Das Glashaus (To-Go);Billa";"Mensa;Das Campus;Das Glashaus (To-Go);Spar";"Das Campus;L´Osteria;Das Glashaus (To-Go);Billa";"Das Campus;Das Glashaus;Spar";"Mensa;Das Glashaus;Spar";2-Mal;;Preis;Preis;Geschmack;Preis;Entfernung;Geschmack;Entfernung;Geschmack;Ambiente;Geschmack;2
Männlich;26;Student;2-Mal;;;WiSo;CBK/Hauptstudium;4;3;2;1;1;"Dienstag;Donnerstag";Nein;7,5 -10 Minuten (McDonalds/Felber);"Mensa;Das Campus;Spar;Billa;Library Café;Anker (Bäckerei);Baschly (To-Go)";"Mensa;Das Campus;L´Osteria";"Mensa;Das Campus (To-Go);L´Osteria;Das Glashaus (To-Go);Billa";"Mensa;Das Campus;Das Glashaus (To-Go);Spar";"Das Campus;L´Osteria;Das Glashaus (To-Go);Billa";"Das Campus;Das Glashaus;Spar";"Mensa;Das Glashaus;Spar";2-Mal;;Preis;Preis;Geschmack;Preis;Entfernung;Geschmack;Entfernung;Geschmack;Ambiente;Geschmack;2
Männlich;30;Student;Seltener als 1-Mal;2-Mal;;WiRe;;4;3;2;1;1;Montag;Nein;7,5 -10 Minuten (McDonalds/Felber);"Mensa;Das Campus;L´Osteria;Billa;McDonalds;Anker (Bäckerei);Burger´s Bar";"L´Osteria;Burger´s Bar";"L´Osteria;Burger´s Bar";"L´Osteria;Burger´s Bar";"Das Campus;L´Osteria;Burger´s Bar";"Das Campus;L´Osteria;Burger´s Bar";"L´Osteria;Burger´s Bar";Nie;;Entfernung;Servicequalität;Geschmack;Preis;Servicequalität;Geschmack;Entfernung;Geschmack;Servicequalität;Geschmack;5
Weiblich;28;Student;1-Mal;;;WiSo;CBK/Hauptstudium;5;5;3;2;1;Montag;Nein;5 - 7,5 Minuten (Billa/L´Osteria);"Mensa;Das Campus;L´Osteria;Spar;McDonalds;Library Café;Anker (Bäckerei);Santa Cruz";"L´Osteria;Das Glashaus;Library Café";"Das Campus;L´Osteria;Library Café";"Das Campus;L´Osteria;Spar";"Das Campus;L´Osteria;Library Café";"Mensa;Das Campus;Library Café";"Mensa;L´Osteria;Library Café";Nie;;Entfernung;Preis;Geschmack;Ambiente;Entfernung;Geschmack;Ambiente;Geschmack;Ambiente;Geschmack;1
Weiblich;22;Student;Nie;;Ja;WiRe;;2;2;1;2;1;"Montag;Dienstag;Mittwoch";Nein;Weniger als 5 Minuten (Mensa/Library Cafe);"Spar;Billa;Anker (Bäckerei)";"Billa;Spar;Anker";Anker;Anker;Anker;Anker;"Spar;Billa";Seltener als 1-Mal;1-Mal;Entfernung;Preis;Preis;Preis;Entfernung;Entfernung;Entfernung;Geschmack;Servicequalität;Geschmack;2
Weiblich;27;Student;2-Mal;;;Masterstudium;;3;2;1;1;1;"Dienstag;Donnerstag";Nein;7,5 -10 Minuten (McDonalds/Felber);"Mensa;Das Campus;Das Campus (To-Go);L´Osteria;Das Glashaus;Spar;Billa;Library Café;Anker (Bäckerei);Baschly;Baschly (To-Go);Burger´s Bar";"Spar;Anker;Baschly (To-Go)";"Das Campus;Das Campus (To-Go);L´Osteria;Das Glashaus;Library Café;Baschly;Baschly (To-Go)";"Das Campus (To-Go);L´Osteria;Billa;Baschly (To-Go)";"Das Campus;L´Osteria;Library Café";"Das Campus;Das Campus (To-Go);Spar;Library Café;Anker;Baschly;Baschly (To-Go)";"Das Campus (To-Go);Spar;Baschly (To-Go)";1-Mal;;Preis;Preis;Preis;Preis;Servicequalität;Geschmack;Entfernung;Geschmack;Servicequalität;Geschmack;3
Weiblich;30;Student;3-Mal;;;Masterstudium;;5;4;4;3;2;"Montag;Mittwoch;Donnerstag";Ja;5 - 7,5 Minuten (Billa/L´Osteria);"Mensa;Das Campus;Das Campus (To-Go);L´Osteria;Das Glashaus;Das Glashaus (To-Go);Spar;Billa;Library Café;Anker (Bäckerei)";"Das Campus;L´Osteria;Das Glashaus";"Das Campus;Das Campus (To-Go);L´Osteria;Das Glashaus;Das Glashaus (To-Go);Spar;Billa;Library Café";"Das Campus;L´Osteria;Spar;Billa;Library Café";"Das Campus;Das Glashaus;Library Café";"Das Campus;Spar;Library Café";"Spar;Billa;Library Café";Seltener als 1-Mal;2-Mal;Entfernung;Servicequalität;Geschmack;Preis;Entfernung;Geschmack;Entfernung;Geschmack;Servicequalität;Geschmack;5
Männlich;23;Student;1-Mal;;;WiSo;CBK/Hauptstudium;3;1;1;1;1;Mittwoch;Nein;5 - 7,5 Minuten (Billa/L´Osteria);"Mensa;Das Campus;Das Campus (To-Go);Spar;Billa";"Das Campus;L´Osteria";"Das Campus;L´Osteria";"Das Campus;L´Osteria";"Das Campus;L´Osteria";"Das Campus;L´Osteria";"Das Campus;L´Osteria";Öfter als 7-Mal;1-Mal;Entfernung;Preis;Geschmack;Preis;Entfernung;Geschmack;Entfernung;Geschmack;Ambiente;Geschmack;2
Männlich;42;Angestellter der WU;Öfter als 7-Mal;;;;;5;5;5;5;5;"Montag;Dienstag;Mittwoch;Donnerstag;Freitag;Samstag;Sonntag";Ja;Weiß ich nicht;"L´Osteria;Burger´s Bar;Steirer Eck";Spar;Baschly (To-Go);L´Osteria;L´Osteria;Das Glashaus (To-Go);Burger´s Bar;Öfter als 7-Mal;3-Mal;Preis;Servicequalität;Geschmack;Ambiente;Servicequalität;Geschmack;Ambiente;Geschmack;Ambiente;Ambiente;1
Männlich;20;Besucher;Seltener als 1-Mal;1-Mal;;;;4;3;2;1;1;"Dienstag;Mittwoch;Donnerstag";Nein;7,5 -10 Minuten (McDonalds/Felber);"Mensa;Das Campus;L´Osteria;Das Glashaus;Spar;Billa;McDonalds;Anker (Bäckerei)";"L´Osteria;Dinner in the Sky;Burger´s Bar";"Mensa;L´Osteria;Spar;Billa;McDonalds;Dinner in the Sky;Burger´s Bar";"Mensa;L´Osteria;Santa Cruz;Dinner in the Sky;Burger´s Bar";"Das Campus;Das Glashaus;Billa;McDonalds;Baschly;Baschly (To-Go);Franz & Flora;Burger´s Bar";"Das Campus (To-Go);Das Glashaus (To-Go);Billa;Finn;Baschly (To-Go);die ALLEE;Dinner in the Sky";"Das Glashaus;Spar;Baschly;die ALLEE";4-Mal;;Preis;Preis;Preis;Preis;Entfernung;Entfernung;Entfernung;Servicequalität;Servicequalität;Geschmack;4
Männlich;22;Besucher;1-Mal;;;;;5;4;2;1;1;Mittwoch;Nein;5 - 7,5 Minuten (Billa/L´Osteria);"Mensa;L´Osteria;Spar;Billa;McDonalds;Library Café;Anker (Bäckerei);Baschly;Baschly (To-Go);Burger´s Bar";"Mensa;L´Osteria;Baschly";"Library Café;Baschly;Baschly (To-Go)";"L´Osteria;Spar;Billa";"Mensa;L´Osteria;Baschly;Baschly (To-Go)";"Mensa;Spar;Baschly;Baschly (To-Go)";"Mensa;Spar;Billa";Seltener als 1-Mal;3-Mal;Preis;Servicequalität;Geschmack;Preis;Entfernung;Geschmack;Entfernung;Geschmack;Servicequalität;Geschmack;5
Weiblich;25;Student;3-Mal;;;WiRe;;1;1;1;1;1;"Dienstag;Donnerstag;Freitag";Nein;7,5 -10 Minuten (McDonalds/Felber);"Mensa;Das Campus;Das Campus (To-Go);L´Osteria;Spar;Billa;McDonalds;Library Café;Anker (Bäckerei)";"Mensa;Das Campus;L´Osteria";"Mensa;Das Campus;L´Osteria;Spar;Billa;McDonalds;Library Café";"Mensa;Das Campus;L´Osteria;Spar";"Mensa;Das Campus;L´Osteria;Library Café";"Mensa;Das Campus;Das Campus (To-Go);L´Osteria;Spar;Billa;McDonalds;Library Café;Anker";"Mensa;L´Osteria;Spar;Billa;McDonalds";Nie;;Preis;Preis;Geschmack;Preis;Servicequalität;Geschmack;Entfernung;Geschmack;Servicequalität;Geschmack;3
Männlich;22;Student;1-Mal;;;WiSo;CBK/Hauptstudium;2;1;1;1;1;Mittwoch;Nein;5 - 7,5 Minuten (Billa/L´Osteria);"Mensa;Spar;Billa;McDonalds";"Mensa;L´Osteria;Billa";"Mensa;L´Osteria;Billa";"Mensa;Billa";"Mensa;Billa;McDonalds";"Mensa;Spar;Billa";Billa;1-Mal;;Preis;Preis;Geschmack;Preis;Servicequalität;Geschmack;Entfernung;Geschmack;Servicequalität;Geschmack;3
Männlich;22;Student;3-Mal;;;WiSo;CBK/Hauptstudium;4;4;2;2;1;"Dienstag;Mittwoch;Donnerstag";Nein;5 - 7,5 Minuten (Billa/L´Osteria);"Mensa;L´Osteria;Spar;Billa;McDonalds;Baschly;Baschly (To-Go)";"Mensa;McDonalds;Baschly (To-Go)";"Mensa;L´Osteria;Spar;Billa;McDonalds;Baschly (To-Go)";"L´Osteria;Baschly;Baschly (To-Go)";"L´Osteria;McDonalds";Mensa;"Spar;Billa;McDonalds";Nie;;Preis;Preis;Preis;Preis;Entfernung;Entfernung;Entfernung;Geschmack;Servicequalität;Geschmack;4
Männlich;25;Student;3-Mal;;;Masterstudium;;5;3;2;2;1;"Dienstag;Mittwoch;Donnerstag";Nein;5 - 7,5 Minuten (Billa/L´Osteria);"Mensa;Das Campus;L´Osteria;Spar;Billa;McDonalds;Library Café;Anker (Bäckerei);Baschly;Baschly (To-Go)";"Mensa;Das Campus;L´Osteria";"Das Campus;L´Osteria;Library Café;Baschly";"Mensa;Das Campus (To-Go);L´Osteria;Spar;Billa;McDonalds;Library Café;Anker;Baschly";"Das Campus;L´Osteria;Library Café;Baschly";"Mensa;Das Campus;L´Osteria;Spar;Billa;McDonalds;Library Café;Anker;Baschly";"Mensa;Das Campus;L´Osteria;Spar;Billa;McDonalds;Library Café;Anker;Baschly";Seltener als 1-Mal;2-Mal;Entfernung;Preis;Geschmack;Preis;Entfernung;Geschmack;Entfernung;Geschmack;Servicequalität;Geschmack;5
Männlich;23;Student;3-Mal;;;WiSo;CBK/Hauptstudium;4;3;1;1;1;"Montag;Mittwoch;Freitag";Ja;7,5 -10 Minuten (McDonalds/Felber);"Mensa;Das Campus;Das Campus (To-Go);L´Osteria;Das Glashaus;Spar;Billa;McDonalds;Library Café;Anker (Bäckerei);Baschly;Baschly (To-Go)";"Mensa;Das Campus;Baschly";"Mensa;Das Campus;Das Campus (To-Go);L´Osteria;Das Glashaus;Das Glashaus (To-Go);Spar;Billa;McDonalds;Library Café;Anker;Baschly;Baschly (To-Go)";"Mensa;Das Campus (To-Go);L´Osteria;Spar;Billa;McDonalds;Library Café;Anker;Baschly (To-Go)";"Mensa;Das Campus;L´Osteria;Das Glashaus;Baschly";"Mensa;Das Campus;Das Campus (To-Go);Das Glashaus;Das Glashaus (To-Go);Spar;Billa;McDonalds;Library Café;Anker;Baschly;Baschly (To-Go)";"Mensa;Spar;Billa;McDonalds;Baschly (To-Go)";Seltener als 1-Mal;3-Mal;Preis;Preis;Preis;Preis;Entfernung;Geschmack;Entfernung;Geschmack;Servicequalität;Geschmack;2
Männlich;23;Student;6-Mal;;;WiSo;CBK/Hauptstudium;3;2;1;1;1;"Montag;Dienstag;Mittwoch;Donnerstag;Freitag;Samstag";Ja;5 - 7,5 Minuten (Billa/L´Osteria);"Mensa;Das Campus;L´Osteria;Spar;Billa;McDonalds";"Mensa;Billa;Spar";"Mensa;Spar;Billa";"Mensa;Das Campus";"Mensa;Das Campus";"Mensa;Das Campus;Spar";"Mensa;Spar;Billa";Nie;;Entfernung;Preis;Geschmack;Preis;Entfernung;Entfernung;Entfernung;Geschmack;Ambiente;Geschmack;2
Männlich;22;Student;4-Mal;;;WiSo;CBK/Hauptstudium;3;1;1;1;1;"Montag;Dienstag;Mittwoch;Donnerstag;Freitag";Nein;Weniger als 5 Minuten (Mensa/Library Cafe);"Mensa;Das Campus;L´Osteria;Das Glashaus (To-Go);Spar;Billa;McDonalds;Anker (Bäckerei);Baschly";"Mensa;L´Osteria;Spar";"Das Campus;L´Osteria;Baschly";"Mensa;Das Campus;L´Osteria";"Mensa;Das Campus;L´Osteria";"Mensa;Das Campus;Spar";"Mensa;Das Glashaus (To-Go);Spar";Nie;;Preis;Preis;Preis;Preis;Entfernung;Entfernung;Entfernung;Geschmack;Ambiente;Geschmack;4
Männlich;22;Student;4-Mal;;;WiSo;CBK/Hauptstudium;3;1;1;1;1;"Montag;Dienstag;Mittwoch;Donnerstag;Freitag";Nein;Weniger als 5 Minuten (Mensa/Library Cafe);"Mensa;Das Campus;L´Osteria;Das Glashaus (To-Go);Spar;Billa;McDonalds;Anker (Bäckerei);Baschly";"Mensa;L´Osteria;Spar";"Das Campus;L´Osteria;Baschly";"Mensa;Das Campus;L´Osteria";"Mensa;Das Campus;L´Osteria";"Mensa;Das Campus;Spar";"Mensa;Das Glashaus (To-Go);Spar";Nie;;Preis;Preis;Preis;Preis;Entfernung;Entfernung;Entfernung;Geschmack;Ambiente;Geschmack;4
Weiblich;24;Student;4-Mal;;;WiSo;CBK/Hauptstudium;4;1;1;1;1;"Montag;Dienstag;Mittwoch;Donnerstag;Freitag";Nein;7,5 -10 Minuten (McDonalds/Felber);"Mensa;Das Campus;Das Campus (To-Go);L´Osteria;Spar;Billa;McDonalds;Library Café;Anker (Bäckerei);Baschly;Baschly (To-Go)";"L´Osteria;Baschly";"L´Osteria;McDonalds;Library Café;Baschly";"McDonalds;Baschly (To-Go)";"L´Osteria;Library Café;Baschly";"Mensa;Das Campus;Spar;Billa";"Spar;Billa;McDonalds";Seltener als 1-Mal;2-Mal;Preis;Preis;Geschmack;Preis;Entfernung;Geschmack;Entfernung;Geschmack;Servicequalität;Geschmack;2
Männlich;54;Besucher;Nie;;Ja;;;3;2;1;1;1;Samstag;Ja;5 - 7,5 Minuten (Billa/L´Osteria);"L´Osteria;Spar;Billa";L´Osteria;L´Osteria;"L´Osteria;Spar";L´Osteria;"L´Osteria;Spar";"Spar;Billa";Seltener als 1-Mal;1-Mal;Preis;Preis;Geschmack;Ambiente;Servicequalität;Geschmack;Ambiente;Geschmack;Servicequalität;Geschmack;3
Weiblich;23;Student;1-Mal;;;Masterstudium;;1;1;1;1;1;Mittwoch;Nein;7,5 -10 Minuten (McDonalds/Felber);"Mensa;Das Campus;Das Campus (To-Go);L´Osteria;Spar;Billa;McDonalds;Library Café;Baschly;Baschly (To-Go)";"Mensa;L´Osteria;Spar";"Mensa;Das Campus;Das Campus (To-Go);L´Osteria;Spar;Billa;McDonalds;Baschly;Baschly (To-Go)";"Mensa;Das Campus;Das Campus (To-Go);L´Osteria;Billa";"Das Campus;L´Osteria";"Mensa;Das Campus;Das Campus (To-Go);L´Osteria;Das Glashaus;Das Glashaus (To-Go);Spar;Billa;McDonalds";"Mensa;Das Campus (To-Go);Spar;Billa";2-Mal;;Preis;Preis;Preis;Preis;Entfernung;Geschmack;Entfernung;Geschmack;Servicequalität;Geschmack;2
Männlich;20;Besucher;2-Mal;;;;;5;3;1;1;1;"Montag;Mittwoch;Freitag";Ja;7,5 -10 Minuten (McDonalds/Felber);"Mensa;L´Osteria;Spar;Billa;McDonalds;Library Café;Anker (Bäckerei)";"L´Osteria;McDonalds;Burger´s Bar";"Mensa;L´Osteria;Spar;Billa;McDonalds;Burger´s Bar";Mensa;"L´Osteria;Burger´s Bar";"Spar;McDonalds;Burger´s Bar";"Mensa;Spar;Billa";Nie;;Preis;Preis;Geschmack;Preis;Entfernung;Geschmack;Entfernung;Geschmack;Servicequalität;Geschmack;2
Weiblich;23;Student;3-Mal;;;Masterstudium;;4;2;1;1;1;"Montag;Mittwoch;Donnerstag";Nein;5 - 7,5 Minuten (Billa/L´Osteria);"Mensa;Das Campus;Das Campus (To-Go);L´Osteria;Spar;Billa;Library Café;Baschly";"Mensa;L´Osteria;Spar";"L´Osteria;Baschly";Das Campus;"Das Campus;L´Osteria;Baschly";"Mensa;Das Campus;L´Osteria;Spar;Billa;Baschly";"Mensa;Spar;Billa;Baschly";1-Mal;;Preis;Preis;Geschmack;Preis;Servicequalität;Geschmack;Entfernung;Geschmack;Servicequalität;Geschmack;3
Weiblich;22;Besucher;3-Mal;;;;;3;2;1;1;1;"Dienstag;Mittwoch;Donnerstag";Nein;7,5 -10 Minuten (McDonalds/Felber);"Mensa;Das Campus;Das Campus (To-Go);Das Glashaus (To-Go);Spar;Billa;McDonalds;Library Café;Anker (Bäckerei);Baschly (To-Go)";"Mensa;Das Glashaus (To-Go);Baschly (To-Go)";"Mensa;Das Campus;Das Glashaus (To-Go);Baschly (To-Go)";"Mensa;Das Campus;Das Glashaus (To-Go);Baschly (To-Go)";"Das Campus;Library Café";"Mensa;Das Campus (To-Go);Das Glashaus (To-Go);Spar;Billa;Library Café;Anker;Baschly (To-Go)";"Mensa;Das Glashaus (To-Go);Spar;Billa;Baschly (To-Go)";Seltener als 1-Mal;1-Mal;Preis;Preis;Geschmack;Preis;Entfernung;Geschmack;Entfernung;Geschmack;Ambiente;Geschmack;2
Weiblich;20;Student;3-Mal;;;WiSo;CBK/Hauptstudium;2;2;2;1;1;"Montag;Dienstag;Mittwoch;Donnerstag";Ja;7,5 -10 Minuten (McDonalds/Felber);"Mensa;Das Campus;L´Osteria;Das Glashaus;Billa";"Das Campus;L´Osteria;Das Glashaus";"Mensa;Das Campus;L´Osteria;Das Glashaus";"Mensa;Das Campus;L´Osteria;Das Glashaus;Spar;Billa";"Das Campus;L´Osteria;Das Glashaus";"Mensa;Das Campus;L´Osteria;Das Glashaus;Spar;Billa";"Mensa;Das Campus;Das Glashaus";2-Mal;;Preis;Preis;Geschmack;Ambiente;Servicequalität;Geschmack;Ambiente;Geschmack;Ambiente;Geschmack;3
Weiblich;22;Student;4-Mal;;;WiRe;;4;2;1;1;1;"Montag;Dienstag;Mittwoch;Donnerstag";Nein;5 - 7,5 Minuten (Billa/L´Osteria);"Mensa;Das Campus;Das Campus (To-Go);L´Osteria;Das Glashaus;Spar;Billa;Anker (Bäckerei);Baschly;Burger´s Bar";"Das Campus;L´Osteria;Das Glashaus";"Mensa;Das Campus;L´Osteria;Das Glashaus;Spar;Billa;Anker;Baschly";"Mensa;Das Campus;Das Glashaus";"Das Campus;L´Osteria;Das Glashaus;Baschly";"Mensa;Das Campus;Das Glashaus;Spar";"Mensa;L´Osteria;Spar";Nie;;Preis;Preis;Geschmack;Preis;Entfernung;Geschmack;Entfernung;Geschmack;Servicequalität;Geschmack;2
Weiblich;22;Student;Seltener als 1-Mal;1-Mal;;WiSo;CBK/Hauptstudium;5;3;2;2;1;Dienstag;Nein;7,5 -10 Minuten (McDonalds/Felber);"L´Osteria;Spar;Billa;McDonalds;Anker (Bäckerei)";"L´Osteria;Billa;McDonalds";L´Osteria;"L´Osteria;Spar;Billa;McDonalds;Anker";L´Osteria;"L´Osteria;Spar;Billa;Anker";"L´Osteria;Spar;Billa;McDonalds;Anker";2-Mal;;Preis;Servicequalität;Geschmack;Preis;Servicequalität;Geschmack;Entfernung;Geschmack;Servicequalität;Geschmack;3
Weiblich;21;Student;Nie;;Ja;WiSo;CBK/Hauptstudium;5;4;2;1;1;Mittwoch;Nein;5 - 7,5 Minuten (Billa/L´Osteria);"Mensa;Das Campus;L´Osteria;Das Glashaus;Spar;Billa;McDonalds;Library Café;Anker (Bäckerei);Baschly;Burger´s Bar";"L´Osteria;Das Glashaus";"Mensa;Das Campus;L´Osteria;Das Glashaus;Spar;Billa;McDonalds;Library Café;Burger´s Bar";"Mensa;L´Osteria;Das Glashaus;Spar;Billa;McDonalds;Burger´s Bar";"Das Campus;L´Osteria;Das Glashaus;Library Café;Burger´s Bar";"Mensa;Das Campus;Das Glashaus;Spar;Billa;Library Café;Baschly";"Mensa;L´Osteria;Spar;Billa";Nie;;Entfernung;Preis;Geschmack;Preis;Entfernung;Geschmack;Entfernung;Geschmack;Ambiente;Geschmack;2
Männlich;23;Student;5-Mal;;;WiRe;;3;2;1;1;1;"Montag;Dienstag;Mittwoch;Donnerstag;Freitag";Ja;7,5 -10 Minuten (McDonalds/Felber);"Mensa;Das Campus;Das Campus (To-Go);L´Osteria;Spar;Billa;McDonalds;Anker (Bäckerei);Burger´s Bar";"Mensa;Das Campus;Burger´s Bar";"Mensa;Das Campus;Burger´s Bar";"Mensa;Das Campus;Burger´s Bar";"Das Campus;Burger´s Bar";"Mensa;Das Campus;Burger´s Bar";Mensa;3-Mal;;Preis;Preis;Geschmack;Preis;Servicequalität;Geschmack;Entfernung;Geschmack;Servicequalität;Geschmack;3
Weiblich;21;Student;1-Mal;;;WiSo;CBK/Hauptstudium;3;3;3;1;1;"Montag;Dienstag;Mittwoch;Donnerstag;Freitag;Samstag";Nein;5 - 7,5 Minuten (Billa/L´Osteria);"Mensa;Spar;Billa;Finn;Baschly;die ALLEE";"Finn;Baschly;die ALLEE";"Baschly;die ALLEE";die ALLEE;"Finn;Baschly;die ALLEE";"Finn;Baschly;die ALLEE";Baschly (To-Go);1-Mal;;Entfernung;Preis;Geschmack;Preis;Entfernung;Geschmack;Entfernung;Geschmack;Servicequalität;Geschmack;5
Männlich;23;Student;4-Mal;;;WiSo;CBK/Hauptstudium;3;2;2;1;1;"Montag;Dienstag;Mittwoch;Donnerstag";Nein;5 - 7,5 Minuten (Billa/L´Osteria);"Mensa;Das Campus (To-Go);Spar;Billa;Library Café;Anker (Bäckerei);Baschly (To-Go)";"Mensa;Das Campus (To-Go);Baschly (To-Go)";"L´Osteria;Baschly (To-Go)";"Mensa;Das Campus (To-Go);Spar;Billa;Baschly (To-Go)";Mensa;"Mensa;Das Campus (To-Go);Spar;Billa;McDonalds;Anker";"Mensa;Das Campus (To-Go);Baschly (To-Go)";Seltener als 1-Mal;1-Mal;Preis;Preis;Geschmack;Preis;Entfernung;Geschmack;Entfernung;Geschmack;Servicequalität;Geschmack;2
Weiblich;24;Student;2-Mal;;;WiSo;CBK/Hauptstudium;2;1;1;1;1;"Montag;Dienstag;Mittwoch";Ja;5 - 7,5 Minuten (Billa/L´Osteria);"Mensa;L´Osteria;Spar;Billa;McDonalds;Library Café;Anker (Bäckerei);Burger´s Bar";"L´Osteria;Library Café;Burger´s Bar";"Library Café;Burger´s Bar";"Mensa;L´Osteria;Library Café;Anker;Burger´s Bar";"L´Osteria;Library Café;Burger´s Bar";"Mensa;L´Osteria;Spar;Billa;Library Café;Anker;Burger´s Bar";"Mensa;L´Osteria;Spar;Billa;McDonalds;Library Café;Burger´s Bar";Nie;;Preis;Servicequalität;Geschmack;Preis;Entfernung;Geschmack;Entfernung;Geschmack;Servicequalität;Geschmack;5
Weiblich;22;Student;3-Mal;;;Masterstudium;;4;2;1;1;1;"Montag;Dienstag;Mittwoch;Donnerstag;Freitag;Samstag";Nein;5 - 7,5 Minuten (Billa/L´Osteria);"Mensa;Das Campus;Das Campus (To-Go);L´Osteria;Das Glashaus (To-Go);Spar;Billa;Finn;Library Café;Anker (Bäckerei);Baschly;Baschly (To-Go)";"Das Campus (To-Go);Library Café;Baschly (To-Go)";"Das Campus (To-Go);L´Osteria;Finn;Library Café;Anker;Baschly (To-Go)";"Das Campus (To-Go);L´Osteria;Finn;Baschly";"Das Campus;L´Osteria;Das Glashaus;Finn;Library Café;Baschly";"Mensa;Das Campus;Das Campus (To-Go);L´Osteria;Das Glashaus (To-Go);Spar;Finn;Library Café;Anker;Baschly;Baschly (To-Go)";"Das Campus (To-Go);Spar;Baschly (To-Go)";Seltener als 1-Mal;1-Mal;Preis;Preis;Geschmack;Preis;Entfernung;Geschmack;Entfernung;Geschmack;Ambiente;Geschmack;2
Weiblich;23;Student;1-Mal;;;WiSo;CBK/Hauptstudium;4;4;2;2;1;Donnerstag;Nein;5 - 7,5 Minuten (Billa/L´Osteria);"Mensa;Das Campus;Das Campus (To-Go);L´Osteria;Spar;Billa;McDonalds;Anker (Bäckerei)";"Das Campus;L´Osteria";"Mensa;Das Campus;Das Campus (To-Go);Spar;Billa;McDonalds";"Mensa;Das Campus;Das Campus (To-Go)";"Das Campus;L´Osteria";"Mensa;Das Campus;Das Campus (To-Go);L´Osteria;Spar;Billa";"Mensa;L´Osteria;Spar;Billa;McDonalds";Nie;;Preis;Preis;Geschmack;Preis;Entfernung;Geschmack;Entfernung;Geschmack;Servicequalität;Geschmack;2
Männlich;22;Student;3-Mal;;;WiSo;CBK/Hauptstudium;4;4;3;2;1;"Montag;Mittwoch;Donnerstag";Nein;5 - 7,5 Minuten (Billa/L´Osteria);"Mensa;Das Campus;L´Osteria;Finn;Library Café;Anker (Bäckerei)";"Mensa;Das Campus (To-Go);Baschly (To-Go)";"L´Osteria;Spar;Burger´s Bar";"Mensa;Baschly (To-Go);Burger´s Bar";"Mensa;Library Café;Baschly";"Mensa;Library Café;Baschly";Mensa;Seltener als 1-Mal;1-Mal;Preis;Preis;Preis;Preis;Entfernung;Geschmack;Entfernung;Geschmack;Servicequalität;Geschmack;2
Männlich;29;Student;Seltener als 1-Mal;2-Mal;;WiSo;CBK/Hauptstudium;4;5;5;5;1;"Mittwoch;Freitag";Nein;5 - 7,5 Minuten (Billa/L´Osteria);"Mensa;Das Campus;L´Osteria;Spar;Billa;McDonalds;Library Café;Anker (Bäckerei)";"Das Campus;Spar";Das Campus;"Das Campus;L´Osteria";"Mensa;Das Campus";"Mensa;Das Campus;Spar;Library Café;Anker";"Mensa;Spar;Billa;Anker";2-Mal;;Preis;Servicequalität;Geschmack;Preis;Entfernung;Geschmack;Entfernung;Geschmack;Servicequalität;Geschmack;5
Männlich;24;Student;3-Mal;;;WiSo;CBK/Hauptstudium;3;2;1;1;1;"Montag;Dienstag;Mittwoch;Donnerstag;Freitag";Nein;5 - 7,5 Minuten (Billa/L´Osteria);"Mensa;Das Campus;L´Osteria;Das Glashaus;Spar;Billa;McDonalds";"Mensa;L´Osteria;Spar";"Mensa;Das Campus;L´Osteria;Das Glashaus;Spar;McDonalds;Baschly";"Mensa;L´Osteria;Das Glashaus;Spar;Billa;McDonalds;Baschly";"Mensa;L´Osteria;Das Glashaus;Spar;McDonalds;Baschly";"Mensa;Das Campus;L´Osteria;Das Glashaus;Spar;Billa;McDonalds;Library Café;Anker";"Mensa;Das Glashaus;Spar;Billa;McDonalds;Baschly";3-Mal;;Entfernung;Preis;Geschmack;Preis;Servicequalität;Geschmack;Entfernung;Geschmack;Ambiente;Geschmack;5
Weiblich;21;Student;Seltener als 1-Mal;2-Mal;;WiSo;CBK/Hauptstudium;1;1;1;1;1;"Montag;Dienstag;Mittwoch;Donnerstag";Nein;5 - 7,5 Minuten (Billa/L´Osteria);"Mensa;Das Campus (To-Go);Spar;Billa;Anker (Bäckerei);Baschly (To-Go);Burger´s Bar";"Mensa;Baschly;Baschly (To-Go)";"Mensa;Das Campus;L´Osteria;Spar;Billa;Anker;Baschly;Baschly (To-Go);Dinner in the Sky";"Mensa;Baschly (To-Go)";"Das Campus;Das Campus (To-Go);L´Osteria;Baschly;Baschly (To-Go)";"Mensa;Das Campus;Das Campus (To-Go);Spar;Billa;Library Café;Anker;Baschly;Baschly (To-Go)";"Spar;Billa;Anker";4-Mal;;Preis;Preis;Preis;Preis;Entfernung;Geschmack;Entfernung;Geschmack;Servicequalität;Geschmack;2
Weiblich;27;Student;2-Mal;;;WiRe;;2;1;1;1;1;"Montag;Mittwoch";Nein;5 - 7,5 Minuten (Billa/L´Osteria);"Mensa;Das Campus (To-Go);L´Osteria;Library Café";"Mensa;L´Osteria;Library Café";"L´Osteria;Library Café";Library Café;Library Café;Library Café;Library Café;4-Mal;;Preis;Preis;Preis;Preis;Entfernung;Entfernung;Entfernung;Geschmack;Ambiente;Ambiente;4
Weiblich;40;Student;5-Mal;;;WiRe;;5;5;4;3;1;"Montag;Dienstag;Mittwoch;Donnerstag;Freitag";Nein;5 - 7,5 Minuten (Billa/L´Osteria);"Mensa;Das Campus (To-Go);L´Osteria;Das Glashaus;Spar;Billa;McDonalds;Library Café;Anker (Bäckerei);Baschly;Baschly (To-Go)";"Das Glashaus;Library Café;Baschly";"Mensa;Das Campus (To-Go);Spar;Billa";"Das Campus (To-Go);Das Glashaus (To-Go)";Das Campus (To-Go);"Mensa;Das Campus (To-Go);Billa;Baschly (To-Go)";"Spar;Billa;McDonalds;Library Café;Baschly (To-Go)";Nie;;Entfernung;Preis;Geschmack;Preis;Entfernung;Geschmack;Entfernung;Geschmack;Servicequalität;Geschmack;5
Männlich;22;Student;1-Mal;;;WiSo;CBK/Hauptstudium;2;1;1;1;1;Mittwoch;Nein;5 - 7,5 Minuten (Billa/L´Osteria);"Mensa;Spar;Billa;McDonalds";"Mensa;L´Osteria;Billa";"Mensa;L´Osteria;Billa";"Mensa;Billa";"Mensa;Billa;McDonalds";"Mensa;Spar;Billa";Billa;1-Mal;;Preis;Preis;Geschmack;Preis;Servicequalität;Geschmack;Entfernung;Geschmack;Servicequalität;Geschmack;3
Männlich;23;Student;3-Mal;;;WiRe;;5;5;4;4;3;"Montag;Donnerstag;Freitag";Nein;5 - 7,5 Minuten (Billa/L´Osteria);"Mensa;L´Osteria;Spar;Billa;McDonalds;Anker (Bäckerei);Burger´s Bar";"L´Osteria;Burger´s Bar";"Mensa;L´Osteria;Spar;Billa;Finn;Baschly;Burger´s Bar";"Anker;Burger´s Bar";"L´Osteria;Anker;Burger´s Bar";"Mensa;L´Osteria;Spar;Billa;Baschly;Burger´s Bar";"Mensa;L´Osteria;Spar;Billa;McDonalds;Anker;Burger´s Bar";1-Mal;;Preis;Preis;Geschmack;Ambiente;Servicequalität;Geschmack;Ambiente;Geschmack;Servicequalität;Geschmack;3
Männlich;23;Student;3-Mal;;;WiRe;;5;5;4;4;3;"Montag;Donnerstag;Freitag";Nein;5 - 7,5 Minuten (Billa/L´Osteria);"Mensa;L´Osteria;Spar;Billa;McDonalds;Anker (Bäckerei);Burger´s Bar";"L´Osteria;Burger´s Bar";"Mensa;L´Osteria;Spar;Billa;Finn;Baschly;Burger´s Bar";"Anker;Burger´s Bar";"L´Osteria;Anker;Burger´s Bar";"Mensa;L´Osteria;Spar;Billa;Baschly;Burger´s Bar";"Mensa;L´Osteria;Spar;Billa;McDonalds;Anker;Burger´s Bar";1-Mal;;Preis;Preis;Geschmack;Ambiente;Servicequalität;Geschmack;Ambiente;Geschmack;Servicequalität;Geschmack;3
Weiblich;35;Student;5-Mal;;;WiSo;CBK/Hauptstudium;5;4;3;1;1;"Montag;Dienstag;Mittwoch";Nein;7,5 -10 Minuten (McDonalds/Felber);"Mensa;Das Campus;L´Osteria;Spar;Billa;McDonalds;Library Café;Anker (Bäckerei);Baschly;Baschly (To-Go)";"Das Campus;L´Osteria;Baschly";"Das Campus;L´Osteria;Library Café;Baschly";Das Campus;"Das Campus;Library Café;Baschly";"Mensa;Das Campus;L´Osteria;Baschly";"Mensa;L´Osteria;Spar;Billa;McDonalds";2-Mal;;Preis;Preis;Geschmack;Ambiente;Entfernung;Geschmack;Entfernung;Geschmack;Servicequalität;Geschmack;5
Männlich;25;Student;2-Mal;;;Masterstudium;;5;4;4;3;3;"Mittwoch;Donnerstag";Nein;5 - 7,5 Minuten (Billa/L´Osteria);"Mensa;Das Campus (To-Go);Das Glashaus (To-Go);Baschly (To-Go)";"Das Glashaus (To-Go);Baschly (To-Go)";"Das Glashaus (To-Go);Baschly (To-Go)";Baschly (To-Go);"Das Glashaus (To-Go);Baschly (To-Go)";"Mensa;Das Campus (To-Go);Das Glashaus (To-Go);Baschly (To-Go)";"Mensa;Das Campus (To-Go);Das Glashaus (To-Go);Baschly (To-Go)";Seltener als 1-Mal;2-Mal;Preis;Preis;Geschmack;Preis;Servicequalität;Geschmack;Ambiente;Geschmack;Servicequalität;Geschmack;3
Weiblich;35;Angestellter der WU;3-Mal;;;;;5;5;5;3;1;"Montag;Dienstag;Mittwoch;Donnerstag;Freitag";Nein;7,5 -10 Minuten (McDonalds/Felber);"Mensa;Das Campus;Das Campus (To-Go);L´Osteria;Das Glashaus;Das Glashaus (To-Go);Spar;Billa;McDonalds;Library Café;Anker (Bäckerei);Baschly;Baschly (To-Go)";"Das Campus;Das Glashaus;Baschly";"Mensa;Das Campus;Das Campus (To-Go);L´Osteria;Das Glashaus;Das Glashaus (To-Go);Baschly;Baschly (To-Go)";"Mensa;L´Osteria;McDonalds;Library Café";"Das Campus;L´Osteria;Das Glashaus;Baschly";"Mensa;Das Campus;L´Osteria;Das Glashaus;Baschly";"Mensa;L´Osteria;Spar;Billa";Nie;;Entfernung;Servicequalität;Geschmack;Ambiente;Servicequalität;Entfernung;Entfernung;Servicequalität;Ambiente;Geschmack;5
Männlich;22;Student;5-Mal;;;WiSo;Steop;4;4;5;5;5;"Montag;Dienstag;Mittwoch;Donnerstag;Freitag;Samstag";Ja;5 - 7,5 Minuten (Billa/L´Osteria);"Mensa;Das Campus;Das Campus (To-Go);L´Osteria;Baschly";"Das Campus;L´Osteria;Baschly";"Mensa;Das Campus;Das Campus (To-Go);L´Osteria;Baschly";"Mensa;Das Campus;L´Osteria";"Das Campus;L´Osteria";"Mensa;Das Campus;Baschly";L´Osteria;Nie;;Preis;Preis;Geschmack;Ambiente;Entfernung;Geschmack;Entfernung;Geschmack;Servicequalität;Geschmack;5
Weiblich;28;Angestellter der WU;5-Mal;;;;;5;5;3;1;1;"Montag;Dienstag;Mittwoch;Donnerstag;Freitag";Nein;7,5 -10 Minuten (McDonalds/Felber);"Mensa;Das Campus;Das Campus (To-Go);Library Café";Das Campus;Das Campus;Das Campus;Das Campus;Das Campus;Das Campus (To-Go);Seltener als 1-Mal;1-Mal;Entfernung;Servicequalität;Geschmack;Ambiente;Entfernung;Entfernung;Entfernung;Geschmack;Ambiente;Geschmack;5
Weiblich;44;Angestellter der WU;3-Mal;;;;;4;5;3;3;1;"Montag;Dienstag;Donnerstag;Samstag";Nein;5 - 7,5 Minuten (Billa/L´Osteria);Das Glashaus;Spar;Finn;Billa;Das Glashaus (To-Go);Das Glashaus;Das Glashaus;2-Mal;;Preis;Servicequalität;Geschmack;Ambiente;Servicequalität;Geschmack;Entfernung;Servicequalität;Ambiente;Geschmack;1
Männlich;33;Angestellter der WU;Nie;;Ja;;;4;3;2;1;1;Montag;Nein;Weniger als 5 Minuten (Mensa/Library Cafe);"Spar;Billa";"Billa;Spar";"Spar;Billa";"Spar;Billa";"Spar;Billa";"Spar;Billa";"Spar;Billa";5-Mal;;Preis;Preis;Geschmack;Ambiente;Servicequalität;Geschmack;Ambiente;Geschmack;Servicequalität;Geschmack;3
Weiblich;23;Student;3-Mal;;;WiSo;CBK/Hauptstudium;4;1;1;1;1;"Montag;Dienstag;Freitag";Ja;Weniger als 5 Minuten (Mensa/Library Cafe);Mensa;Mensa;Mensa;Mensa;Mensa;Mensa;Mensa;Nie;;Preis;Preis;Geschmack;Preis;Entfernung;Geschmack;Entfernung;Geschmack;Ambiente;Geschmack;2
Weiblich;22;Student;3-Mal;;;Masterstudium;;4;3;2;2;1;"Montag;Dienstag;Mittwoch;Donnerstag;Freitag;Samstag";Nein;mehr als 10 Minuten (Schweizerhaus/Deewan);"Mensa;Das Campus;L´Osteria;Spar;Billa;McDonalds;Library Café;Baschly";"Mensa;Das Campus;Baschly";"Mensa;Das Campus;L´Osteria;Baschly";"Das Campus;L´Osteria";"Mensa;Das Campus;L´Osteria;Baschly";"Mensa;Das Campus;L´Osteria;Spar;Library Café;Baschly";"Mensa;Das Campus;Spar;Baschly";Seltener als 1-Mal;1-Mal;Entfernung;Preis;Geschmack;Preis;Entfernung;Geschmack;Entfernung;Geschmack;Servicequalität;Geschmack;5
Männlich;31;Student;3-Mal;;;WiSo;CBK/Hauptstudium;5;4;3;2;1;"Mittwoch;Donnerstag;Freitag";Nein;5 - 7,5 Minuten (Billa/L´Osteria);"Mensa;Das Campus;Das Campus (To-Go);L´Osteria;Spar;Billa;McDonalds;Library Café;Anker (Bäckerei);Baschly;Baschly (To-Go);Burger´s Bar";"Das Campus;L´Osteria;Burger´s Bar";"Das Campus;L´Osteria;Burger´s Bar";"Mensa;Das Campus;Burger´s Bar";"Mensa;Das Campus;L´Osteria;Burger´s Bar";"Mensa;Das Campus;Das Campus (To-Go);Library Café";"Mensa;Das Campus (To-Go);Spar;Billa;Baschly (To-Go)";Nie;;Preis;Preis;Geschmack;Preis;Servicequalität;Geschmack;Entfernung;Geschmack;Servicequalität;Geschmack;3
Männlich;31;Angestellter der WU;4-Mal;;;;;4;3;2;1;1;"Montag;Dienstag;Mittwoch;Donnerstag";Ja;7,5 -10 Minuten (McDonalds/Felber);"Mensa;Das Campus;Das Campus (To-Go);Das Glashaus;McDonalds;Library Café;Anker (Bäckerei);Baschly;Burger´s Bar";"Mensa;Das Campus;Baschly";"Mensa;Das Campus;Das Glashaus;Baschly;Burger´s Bar";"Mensa;Das Campus;L´Osteria;Das Glashaus;Library Café;Baschly;Burger´s Bar";"Das Campus;Das Glashaus;Baschly;Burger´s Bar";"Mensa;Das Campus;Baschly";"Mensa;Das Campus (To-Go);Spar";1-Mal;;Preis;Servicequalität;Geschmack;Preis;Entfernung;Geschmack;Entfernung;Geschmack;Servicequalität;Geschmack;5
Männlich;34;Besucher;2-Mal;;;;;5;4;3;2;1;"Montag;Mittwoch;Freitag";Ja;5 - 7,5 Minuten (Billa/L´Osteria);"Das Campus;Das Glashaus (To-Go);McDonalds;Baschly";"Das Campus;Spar;Baschly";"Das Campus (To-Go);Spar;McDonalds;Baschly";"Das Campus (To-Go);Billa;Anker;die ALLEE";"Das Campus (To-Go);Finn;Santa Cruz";"L´Osteria;McDonalds;Anker";"Mensa;Das Campus (To-Go);Spar;Billa;Baschly";Nie;;Preis;Preis;Geschmack;Ambiente;Servicequalität;Geschmack;Entfernung;Geschmack;Servicequalität;Geschmack;3
Männlich;26;Besucher;2-Mal;;;;;5;5;3;2;1;"Mittwoch;Donnerstag";Nein;mehr als 10 Minuten (Schweizerhaus/Deewan);"Mensa;Das Campus;Das Campus (To-Go);L´Osteria;Das Glashaus;Das Glashaus (To-Go);Spar;Billa;McDonalds;Library Café;Anker (Bäckerei);Baschly;Baschly (To-Go);Burger´s Bar";"Das Campus;Library Café;Baschly";"Das Campus;Das Campus (To-Go);L´Osteria;Spar;Library Café;Baschly;Baschly (To-Go);Burger´s Bar";"Das Campus;Das Campus (To-Go);L´Osteria;Library Café;Baschly;Baschly (To-Go);Burger´s Bar";"Das Campus;L´Osteria;Spar;Library Café;Baschly;Burger´s Bar";"Mensa;Das Campus;Das Campus (To-Go);Spar;Billa;Library Café;Baschly";"Mensa;Das Campus (To-Go);Spar;Billa;McDonalds;Anker";Nie;;Preis;Preis;Preis;Preis;Servicequalität;Geschmack;Entfernung;Servicequalität;Servicequalität;Geschmack;3
Männlich;21;Student;3-Mal;;;WiRe;;4;3;2;1;1;"Dienstag;Donnerstag;Freitag";Nein;Weiß ich nicht;"Mensa;Das Campus;Das Campus (To-Go);Spar;Billa;Anker (Bäckerei);Baschly;Baschly (To-Go)";"Mensa;Das Campus;Baschly";"Das Campus;Library Café;Baschly";"Mensa;Baschly";"Mensa;Das Campus;Baschly";"Mensa;Das Campus;Das Campus (To-Go);Spar;Baschly;Baschly (To-Go)";"Mensa;Das Campus (To-Go);Baschly (To-Go)";Nie;;Preis;Servicequalität;Geschmack;Preis;Servicequalität;Geschmack;Ambiente;Geschmack;Servicequalität;Geschmack;3
Männlich;25;Student;2-Mal;;;WiSo;CBK/Hauptstudium;5;5;5;5;1;"Montag;Dienstag;Mittwoch;Donnerstag;Freitag";Nein;mehr als 10 Minuten (Schweizerhaus/Deewan);Mensa;Mensa;Mensa;Mensa;Mensa;Mensa;Mensa;Nie;;Preis;Preis;Preis;Preis;Entfernung;Entfernung;Entfernung;Geschmack;Servicequalität;Geschmack;4
Männlich;27;Besucher;2-Mal;;;;;3;2;1;1;1;"Montag;Dienstag;Donnerstag;Freitag";Nein;5 - 7,5 Minuten (Billa/L´Osteria);"Mensa;Das Campus;Das Campus (To-Go);L´Osteria;Das Glashaus;Das Glashaus (To-Go);Spar;Billa;McDonalds;Library Café;Anker (Bäckerei);Baschly;Baschly (To-Go);Burger´s Bar";"L´Osteria;Das Glashaus;Baschly";"Mensa;Das Campus;Das Campus (To-Go);L´Osteria;Das Glashaus;Das Glashaus (To-Go);Spar;Library Café;Baschly;Baschly (To-Go);Burger´s Bar";Burger´s Bar;"Das Campus;L´Osteria;Burger´s Bar";Das Campus;"Das Campus (To-Go);Das Glashaus (To-Go);Spar;Billa;Baschly (To-Go)";Nie;;Entfernung;Servicequalität;Geschmack;Ambiente;Entfernung;Geschmack;Entfernung;Geschmack;Ambiente;Geschmack;5
Weiblich;22;Student;Seltener als 1-Mal;3-Mal;;WiSo;CBK/Hauptstudium;5;4;3;2;1;"Dienstag;Donnerstag;Freitag";Nein;7,5 -10 Minuten (McDonalds/Felber);"Mensa;Das Campus;L´Osteria;Spar;McDonalds;Library Café;Anker (Bäckerei);Baschly;Burger´s Bar";"Mensa;Das Glashaus (To-Go);Anker";"Das Glashaus (To-Go);Anker";"Das Campus (To-Go);Das Glashaus (To-Go);Billa;Baschly";"Das Glashaus (To-Go);Billa;Anker";"Mensa;Das Campus (To-Go);Billa";"Mensa;Spar;McDonalds";Nie;;Preis;Preis;Geschmack;Preis;Entfernung;Geschmack;Entfernung;Geschmack;Servicequalität;Geschmack;2
Weiblich;19;Student;Nie;;Ja;WiSo;Steop;3;2;2;1;1;"Montag;Mittwoch;Freitag";Nein;7,5 -10 Minuten (McDonalds/Felber);"Mensa;L´Osteria;Spar;Library Café;Baschly";"Mensa;Das Glashaus (To-Go);Library Café";"Mensa;Das Glashaus;Baschly";"L´Osteria;Spar;Library Café";"Mensa;Spar;McDonalds";"Spar;McDonalds;Franz & Flora";"Das Campus;McDonalds;Santa Cruz";Nie;;Preis;Servicequalität;Preis;Preis;Servicequalität;Geschmack;Entfernung;Geschmack;Servicequalität;Geschmack;3
Weiblich;38;Angestellter der WU;4-Mal;;;;;4;3;2;1;1;"Dienstag;Donnerstag;Freitag";Nein;7,5 -10 Minuten (McDonalds/Felber);"Mensa;Das Campus;Das Glashaus;Billa;Baschly (To-Go)";"Mensa;Das Campus (To-Go);Das Glashaus (To-Go)";"Das Campus (To-Go);Spar;Baschly";"Mensa;Das Glashaus;Spar;Billa;McDonalds";"Das Campus;L´Osteria;Billa;Baschly;Baschly (To-Go)";"Das Glashaus;Billa;Anker";"Mensa;Das Campus (To-Go);Spar;Baschly (To-Go)";Nie;;Entfernung;Preis;Preis;Ambiente;Entfernung;Geschmack;Ambiente;Servicequalität;Ambiente;Geschmack;1
Männlich;54;Angestellter der WU;7-Mal;;;;;5;5;4;3;3;"Montag;Dienstag;Mittwoch;Donnerstag;Samstag;Sonntag";Ja;7,5 -10 Minuten (McDonalds/Felber);"Mensa;Das Campus;Das Campus (To-Go);L´Osteria;Santa Cruz;Dinner in the Sky;Franz & Flora;Burger´s Bar";"Mensa;Franz & Flora;Burger´s Bar";"Mensa;Das Campus;L´Osteria;Dinner in the Sky;Franz & Flora;Burger´s Bar";"Mensa;Das Campus;Das Campus (To-Go);L´Osteria;Santa Cruz;Dinner in the Sky;Franz & Flora;Burger´s Bar";"Mensa;Das Campus (To-Go);L´Osteria;Dinner in the Sky;Franz & Flora;Burger´s Bar";"Mensa;Das Campus;Das Campus (To-Go)";"Mensa;Das Campus;Das Campus (To-Go);Burger´s Bar";1-Mal;;Entfernung;Servicequalität;Geschmack;Ambiente;Servicequalität;Geschmack;Ambiente;Geschmack;Servicequalität;Geschmack;1
Männlich;22;Student;3-Mal;;;Masterstudium;;5;5;3;1;1;"Montag;Dienstag;Donnerstag";Nein;5 - 7,5 Minuten (Billa/L´Osteria);"Mensa;McDonalds;Finn;Library Café";"Mensa;McDonalds";"Finn;Library Café";Finn;"Finn;Library Café";"Mensa;Library Café";"Mensa;McDonalds";Seltener als 1-Mal;2-Mal;Preis;Preis;Geschmack;Preis;Entfernung;Geschmack;Entfernung;Geschmack;Ambiente;Geschmack;2
Männlich;40;Student;Seltener als 1-Mal;2-Mal;;WiSo;CBK/Hauptstudium;5;4;4;1;1;"Montag;Donnerstag";Nein;7,5 -10 Minuten (McDonalds/Felber);"Mensa;Das Glashaus;Baschly";"Mensa;Das Glashaus";"Das Glashaus;Baschly";"Mensa;Das Glashaus;Baschly";Baschly;"Mensa;Das Glashaus;Baschly";Mensa;2-Mal;;Preis;Servicequalität;Geschmack;Ambiente;Entfernung;Geschmack;Ambiente;Servicequalität;Servicequalität;Geschmack;1
Männlich;23;Besucher;3-Mal;;;;;5;4;1;1;1;"Montag;Dienstag;Mittwoch;Donnerstag;Freitag";Nein;5 - 7,5 Minuten (Billa/L´Osteria);"Mensa;Das Campus;L´Osteria;Spar;Billa";"Das Campus;L´Osteria";"Das Campus;L´Osteria";"Das Campus;L´Osteria";"Das Campus;L´Osteria";"Mensa;Spar;Billa";"Mensa;Spar;Billa";Nie;;Preis;Preis;Preis;Preis;Entfernung;Geschmack;Entfernung;Geschmack;Servicequalität;Geschmack;2
Männlich;18;Student;4-Mal;;;WiRe;;5;5;5;3;3;"Montag;Mittwoch;Freitag;Samstag";Nein;5 - 7,5 Minuten (Billa/L´Osteria);"Mensa;Das Campus;Das Campus (To-Go);Baschly;Baschly (To-Go)";"Das Campus (To-Go);Baschly;Baschly (To-Go)";"Baschly;Baschly (To-Go)";Baschly;"Das Campus;Baschly;Baschly (To-Go)";"Baschly;Baschly (To-Go)";Mensa;2-Mal;;Preis;Servicequalität;Preis;Preis;Entfernung;Geschmack;Entfernung;Geschmack;Ambiente;Geschmack;2
Weiblich;23;Besucher;3-Mal;;;;;5;5;5;5;5;"Montag;Donnerstag;Samstag";Nein;5 - 7,5 Minuten (Billa/L´Osteria);"L´Osteria;Finn;Baschly;die ALLEE";L´Osteria;"L´Osteria;Finn;Baschly";"Finn;die ALLEE";L´Osteria;Baschly;L´Osteria;Nie;;Entfernung;Servicequalität;Geschmack;Ambiente;Entfernung;Geschmack;Entfernung;Geschmack;Servicequalität;Geschmack;5
Weiblich;23;Student;4-Mal;;;WiRe;;4;3;1;1;1;"Dienstag;Mittwoch;Donnerstag";Nein;5 - 7,5 Minuten (Billa/L´Osteria);"Mensa;Das Campus;L´Osteria;Spar;Billa;McDonalds;Anker (Bäckerei)";"Das Campus;L´Osteria;Spar";"Mensa;Das Campus;L´Osteria;Spar";"Mensa;Das Campus;L´Osteria;Spar";"Mensa;Das Campus;L´Osteria";"Mensa;Das Campus;L´Osteria;Spar";"Mensa;L´Osteria";1-Mal;;Entfernung;Preis;Preis;Preis;Entfernung;Geschmack;Entfernung;Geschmack;Servicequalität;Geschmack;2
Weiblich;20;Student;5-Mal;;;WiSo;CBK/Hauptstudium;5;4;2;1;1;"Montag;Dienstag;Mittwoch;Donnerstag";Nein;Weniger als 5 Minuten (Mensa/Library Cafe);"Mensa;Das Campus;Das Campus (To-Go);L´Osteria;Spar;McDonalds";"Mensa;Das Campus;Spar";"Mensa;Das Campus;L´Osteria";"Mensa;Das Campus";"Das Campus;L´Osteria";"Mensa;Das Campus;Spar";"Mensa;Spar";Nie;;Entfernung;Servicequalität;Geschmack;Ambiente;Entfernung;Entfernung;Entfernung;Servicequalität;Servicequalität;Geschmack;5
Weiblich;26;Student;6-Mal;;;Masterstudium;;5;4;4;2;1;"Montag;Dienstag;Mittwoch;Donnerstag;Freitag";Nein;5 - 7,5 Minuten (Billa/L´Osteria);"Mensa;Das Campus;Das Campus (To-Go);L´Osteria;Das Glashaus;Spar;Billa;McDonalds;Library Café;Anker (Bäckerei);Baschly";"Mensa;Das Campus;Das Glashaus";"Das Campus;L´Osteria;Das Glashaus";"Das Campus;L´Osteria;Das Glashaus";"Das Campus;L´Osteria;Das Glashaus";"Das Campus;L´Osteria";"Das Campus;L´Osteria;Das Glashaus";Nie;;Entfernung;Servicequalität;Geschmack;Ambiente;Servicequalität;Geschmack;Ambiente;Geschmack;Servicequalität;Geschmack;1
Männlich;32;Angestellter der WU;6-Mal;;;;;5;5;4;4;2;"Montag;Dienstag;Mittwoch;Donnerstag;Freitag";Ja;7,5 -10 Minuten (McDonalds/Felber);"Das Campus;Das Campus (To-Go);L´Osteria;Das Glashaus;Spar;Billa;Finn;Baschly;die ALLEE;Santa Cruz;Burger´s Bar";"Das Campus;L´Osteria;Baschly";"Das Campus;L´Osteria;Das Glashaus;Baschly;die ALLEE;Santa Cruz";"Das Campus;L´Osteria;Das Glashaus;Spar;Baschly";"Das Campus;L´Osteria;Baschly;Santa Cruz";"Das Campus;L´Osteria;Das Glashaus;Spar";"Das Campus;L´Osteria;Das Glashaus;Spar";Nie;;Entfernung;Servicequalität;Geschmack;Ambiente;Servicequalität;Geschmack;Ambiente;Servicequalität;Servicequalität;Geschmack;1
Weiblich;19;Student;6-Mal;;;WiSo;Steop;5;4;2;1;1;"Montag;Dienstag;Mittwoch;Donnerstag;Freitag";Nein;Weniger als 5 Minuten (Mensa/Library Cafe);"Mensa;Das Campus;Das Campus (To-Go);L´Osteria;Spar;Billa;McDonalds;Anker (Bäckerei)";"Mensa;Das Campus;L´Osteria";"Das Campus;L´Osteria";"Das Campus;L´Osteria;Anker";"Mensa;Das Campus;L´Osteria";"Mensa;Das Campus;L´Osteria";"Mensa;Spar;Billa";Nie;;Preis;Preis;Geschmack;Ambiente;Servicequalität;Geschmack;Ambiente;Servicequalität;Servicequalität;Geschmack;1
Weiblich;24;Student;6-Mal;;;Masterstudium;;5;5;5;3;2;"Montag;Dienstag;Mittwoch;Donnerstag;Freitag;Samstag";Ja;5 - 7,5 Minuten (Billa/L´Osteria);"Mensa;Das Campus;Das Campus (To-Go);Das Glashaus;Spar;Billa;Finn";Das Glashaus;"Mensa;Das Campus;Das Campus (To-Go);Das Glashaus;Spar";"Das Campus;Das Campus (To-Go);Das Glashaus";Das Glashaus;"Mensa;Das Campus;Das Campus (To-Go);Spar;Billa";"Mensa;Spar;Billa";Nie;;Preis;Preis;Geschmack;Ambiente;Entfernung;Geschmack;Entfernung;Geschmack;Servicequalität;Geschmack;5
Weiblich;22;Student;7-Mal;;;WiRe;;5;3;2;1;1;"Montag;Dienstag;Mittwoch;Donnerstag;Freitag";Nein;Weniger als 5 Minuten (Mensa/Library Cafe);"Mensa;Das Campus;Das Campus (To-Go);L´Osteria;Spar;McDonalds;Anker (Bäckerei)";"Mensa;Billa;Spar";"Das Campus;Spar;Billa";"Das Campus;Spar";"Das Campus;L´Osteria";"Mensa;Das Campus;Spar";"Mensa;Spar;Billa";Nie;;Entfernung;Preis;Preis;Preis;Entfernung;Geschmack;Entfernung;Geschmack;Servicequalität;Geschmack;2
Weiblich;24;Student;3-Mal;;;Masterstudium;;5;4;4;2;1;"Montag;Dienstag;Freitag";Nein;7,5 -10 Minuten (McDonalds/Felber);"Mensa;Das Campus;Das Campus (To-Go);L´Osteria;Das Glashaus;Spar;Billa;McDonalds;Anker (Bäckerei);Baschly;die ALLEE;Santa Cruz";"Das Campus;L´Osteria";"Das Campus;L´Osteria;Baschly;die ALLEE";"Das Campus;die ALLEE";"Das Campus;L´Osteria;die ALLEE";"Das Campus;L´Osteria;Spar";"Das Campus;Spar;Billa";Nie;;Preis;Servicequalität;Geschmack;Ambiente;Servicequalität;Geschmack;Ambiente;Geschmack;Ambiente;Geschmack;3
Männlich;26;Angestellter der WU;6-Mal;;;;;5;5;4;4;2;"Montag;Dienstag;Mittwoch;Donnerstag;Freitag";Nein;5 - 7,5 Minuten (Billa/L´Osteria);"Mensa;Das Campus;Das Campus (To-Go);L´Osteria;Das Glashaus;Spar;Billa;Baschly";"Das Campus;L´Osteria;Baschly";"Das Campus;Das Campus (To-Go);L´Osteria;Baschly";"Das Campus;Spar;Billa;Baschly";"Das Campus;L´Osteria;Baschly";"Das Campus;Das Campus (To-Go);Spar";"Das Campus (To-Go);Spar;Billa;Baschly";Nie;;Entfernung;Servicequalität;Geschmack;Ambiente;Servicequalität;Geschmack;Ambiente;Servicequalität;Servicequalität;Geschmack;1
Weiblich;20;Student;4-Mal;;;WiRe;;5;4;3;2;1;"Montag;Dienstag;Mittwoch;Donnerstag;Freitag";Nein;5 - 7,5 Minuten (Billa/L´Osteria);"Mensa;Das Campus;Anker (Bäckerei);Baschly;Baschly (To-Go);die ALLEE";"Anker;Baschly";"Mensa;Das Campus;Anker;Baschly;Baschly (To-Go)";"Das Campus;Anker";"Das Campus;Baschly";"Mensa;Das Campus;Anker;Baschly;Baschly (To-Go)";"Mensa;Anker";Nie;;Preis;Preis;Preis;Preis;Servicequalität;Geschmack;Ambiente;Geschmack;Ambiente;Geschmack;3
Männlich;21;Student;5-Mal;;;WiRe;;5;4;2;1;1;"Montag;Dienstag;Mittwoch;Donnerstag;Freitag";Nein;Weniger als 5 Minuten (Mensa/Library Cafe);"Mensa;Das Campus;Das Campus (To-Go);L´Osteria;Spar;Billa;McDonalds;Anker (Bäckerei)";"Das Campus (To-Go);Billa;Spar";"Das Campus;Das Campus (To-Go);L´Osteria";Das Campus (To-Go);"Das Campus;L´Osteria";"Das Campus;Das Campus (To-Go);Spar;Anker";"Spar;Billa;Anker";Nie;;Preis;Preis;Preis;Preis;Entfernung;Entfernung;Entfernung;Geschmack;Servicequalität;Geschmack;4
Weiblich;24;Student;3-Mal;;;WiSo;CBK/Hauptstudium;5;3;1;1;1;"Montag;Dienstag;Mittwoch";Nein;7,5 -10 Minuten (McDonalds/Felber);"Mensa;Das Campus;L´Osteria;Spar;Billa;McDonalds";"Das Campus;L´Osteria;McDonalds";"Das Campus;L´Osteria;Spar";"L´Osteria;Spar;Billa";L´Osteria;"Mensa;Das Campus;L´Osteria;Spar;Billa;McDonalds";"Spar;Billa;McDonalds";Seltener als 1-Mal;1-Mal;Preis;Preis;Preis;Preis;Entfernung;Entfernung;Entfernung;Geschmack;Servicequalität;Geschmack;4
Weiblich;21;Student;4-Mal;;;Masterstudium;;5;5;5;5;4;"Montag;Dienstag;Mittwoch;Donnerstag;Freitag;Samstag;Sonntag";Nein;7,5 -10 Minuten (McDonalds/Felber);"Mensa;L´Osteria;Spar;Billa;McDonalds;Library Café;Baschly;Baschly (To-Go);die ALLEE;Santa Cruz;Dinner in the Sky;Franz & Flora;Burger´s Bar";"die ALLEE;Dinner in the Sky;Franz & Flora";"Baschly;Baschly (To-Go);die ALLEE;Dinner in the Sky;Franz & Flora";"die ALLEE;Santa Cruz;Dinner in the Sky";Anker;"Mensa;Spar;Billa;Baschly;Baschly (To-Go)";"Mensa;Spar;Billa";2-Mal;;Preis;Preis;Preis;Preis;Servicequalität;Geschmack;Entfernung;Servicequalität;Servicequalität;Geschmack;3
Weiblich;22;Student;4-Mal;;;WiSo;CBK/Hauptstudium;4;4;2;1;1;"Dienstag;Mittwoch;Donnerstag";Nein;7,5 -10 Minuten (McDonalds/Felber);"Mensa;Das Campus;Das Campus (To-Go);L´Osteria;Das Glashaus;Das Glashaus (To-Go);Spar;Billa;McDonalds";"Mensa;Das Campus;L´Osteria";"Das Campus;Das Campus (To-Go);L´Osteria;Das Glashaus;Das Glashaus (To-Go)";"Das Campus;Das Campus (To-Go);L´Osteria";"Das Campus;L´Osteria;Das Glashaus";"Mensa;Das Campus;Das Campus (To-Go);Spar";"Mensa;Das Campus (To-Go);Das Glashaus (To-Go);Spar";Nie;;Preis;Preis;Preis;Preis;Servicequalität;Geschmack;Entfernung;Geschmack;Servicequalität;Geschmack;3
Weiblich;22;Student;5-Mal;;;WiSo;Steop;5;4;4;4;4;"Montag;Dienstag;Mittwoch;Donnerstag;Freitag;Samstag";Nein;mehr als 10 Minuten (Schweizerhaus/Deewan);"Mensa;Das Campus (To-Go);Spar;Billa;McDonalds;Finn;Library Café;Anker (Bäckerei);Santa Cruz";"McDonalds;Finn";Mensa;"Mensa;Billa;Finn";McDonalds;"Mensa;Spar;Billa";"Mensa;Spar;Billa";Nie;;Preis;Preis;Geschmack;Preis;Servicequalität;Geschmack;Ambiente;Geschmack;Ambiente;Geschmack;3
Weiblich;21;Student;4-Mal;;;WiSo;CBK/Hauptstudium;5;5;4;3;3;"Montag;Dienstag;Mittwoch;Donnerstag;Freitag;Samstag";Nein;5 - 7,5 Minuten (Billa/L´Osteria);"Mensa;Das Campus;Das Campus (To-Go);Finn;Library Café;Anker (Bäckerei)";"Das Campus;Finn";"Das Campus;Das Campus (To-Go);Library Café";"Das Campus;Finn";"Mensa;Das Campus;Finn";"Mensa;Das Campus;Anker";"Mensa;Das Campus (To-Go)";Nie;;Preis;Preis;Preis;Preis;Entfernung;Geschmack;Entfernung;Geschmack;Ambiente;Geschmack;2
Männlich;25;Student;3-Mal;;;Masterstudium;;5;4;3;2;2;"Montag;Dienstag;Mittwoch";Nein;7,5 -10 Minuten (McDonalds/Felber);"Mensa;Das Campus;Das Campus (To-Go);L´Osteria;Das Glashaus;Das Glashaus (To-Go);Spar;Billa;McDonalds;Library Café;Anker (Bäckerei);Baschly";"Das Campus;L´Osteria;Baschly";"Das Campus;Das Campus (To-Go);L´Osteria;Das Glashaus;Das Glashaus (To-Go);Baschly";"Das Campus (To-Go);Das Glashaus (To-Go);Spar";"Das Campus;L´Osteria;Das Glashaus;Baschly";"Mensa;Das Campus;Das Campus (To-Go);Spar";"Mensa;Das Campus (To-Go);Das Glashaus (To-Go);Spar;Billa";Nie;;Entfernung;Servicequalität;Geschmack;Preis;Servicequalität;Geschmack;Entfernung;Geschmack;Servicequalität;Geschmack;5
Weiblich;23;Student;2-Mal;;;WiSo;CBK/Hauptstudium;5;4;4;3;2;"Dienstag;Donnerstag";Nein;5 - 7,5 Minuten (Billa/L´Osteria);"Mensa;Das Campus;Das Campus (To-Go);L´Osteria;Das Glashaus;Spar;Billa;McDonalds;Finn;Library Café;Anker (Bäckerei);Baschly;die ALLEE";"Das Campus;L´Osteria;Baschly";"Das Campus;Das Campus (To-Go);L´Osteria;Das Glashaus;Baschly";"Das Campus (To-Go);Billa";"Das Campus;L´Osteria;Das Glashaus;Baschly";"Mensa;Das Campus;Das Campus (To-Go);Spar";"Mensa;Das Campus (To-Go);Das Glashaus (To-Go);Spar;Billa";1-Mal;;Entfernung;Servicequalität;Geschmack;Preis;Entfernung;Geschmack;Entfernung;Geschmack;Servicequalität;Geschmack;5
Männlich;20;Student;5-Mal;;;WiRe;;5;4;2;1;1;"Montag;Dienstag;Mittwoch;Donnerstag;Freitag";Nein;Weniger als 5 Minuten (Mensa/Library Cafe);"Mensa;Das Campus;Das Campus (To-Go);L´Osteria;Spar;Billa;McDonalds";"Mensa;Das Campus (To-Go);Spar";"Mensa;Das Campus;Das Campus (To-Go);L´Osteria;Spar;Billa";"Das Campus (To-Go);Spar;Billa";"Das Campus;L´Osteria";"Mensa;Das Campus;Das Campus (To-Go);Spar";"Mensa;Spar;Billa";Seltener als 1-Mal;1-Mal;Entfernung;Preis;Preis;Preis;Entfernung;Entfernung;Entfernung;Geschmack;Servicequalität;Geschmack;2
Weiblich;18;Student;3-Mal;;;WiSo;Steop;4;3;2;1;1;"Dienstag;Mittwoch";Nein;5 - 7,5 Minuten (Billa/L´Osteria);"Mensa;Das Campus;Spar;Billa";"Mensa;Billa;Spar";"Mensa;Das Campus;Spar;Billa";"Das Campus;Spar;Billa";"Mensa;Das Campus";"Mensa;Das Campus;Spar";"Mensa;Spar;Billa";3-Mal;;Preis;Preis;Preis;Preis;Entfernung;Entfernung;Entfernung;Geschmack;Servicequalität;Geschmack;4
Weiblich;20;Student;4-Mal;;;WiRe;;5;5;5;2;1;"Montag;Dienstag;Mittwoch;Donnerstag";Nein;mehr als 10 Minuten (Schweizerhaus/Deewan);"Mensa;Das Campus;Das Campus (To-Go);L´Osteria;Das Glashaus;Spar;Billa;McDonalds;Anker (Bäckerei)";"Das Campus;L´Osteria;Das Glashaus";"Das Campus;L´Osteria;Das Glashaus;Spar;Anker";"L´Osteria;Spar;Billa;Anker";"L´Osteria;Das Glashaus";"Das Campus;L´Osteria;Das Glashaus;Spar";"Das Campus;Spar;Billa";Nie;;Preis;Preis;Geschmack;Preis;Entfernung;Geschmack;Entfernung;Geschmack;Servicequalität;Geschmack;2
Männlich;26;Student;5-Mal;;;Masterstudium;;5;5;3;2;2;"Montag;Dienstag;Mittwoch;Donnerstag;Freitag";Ja;5 - 7,5 Minuten (Billa/L´Osteria);"Mensa;Das Campus;Das Campus (To-Go);L´Osteria;Das Glashaus;Das Glashaus (To-Go);Spar;Billa;Library Café;Anker (Bäckerei)";"Das Campus;Das Campus (To-Go);L´Osteria";"Das Campus;Das Campus (To-Go);L´Osteria;Das Glashaus;Das Glashaus (To-Go)";"Das Campus (To-Go);Das Glashaus (To-Go)";"Das Campus;L´Osteria;Das Glashaus";"Mensa;Das Campus;Das Campus (To-Go);Spar";"Mensa;Das Campus (To-Go);Das Glashaus (To-Go);Spar";Nie;;Entfernung;Preis;Geschmack;Preis;Servicequalität;Geschmack;Entfernung;Geschmack;Servicequalität;Geschmack;5
Weiblich;46;Angestellter der WU;5-Mal;;;;;5;4;4;3;1;"Montag;Dienstag;Mittwoch;Donnerstag;Freitag";Ja;7,5 -10 Minuten (McDonalds/Felber);"Das Campus;L´Osteria;Das Glashaus;Spar;Billa;Baschly;die ALLEE";"Das Campus;Spar;Baschly";"Das Campus;L´Osteria;Baschly";"Das Campus;Spar";"Das Campus;L´Osteria;Baschly";"Das Campus;L´Osteria;Spar";"Das Campus;L´Osteria;Spar";Nie;;Preis;Servicequalität;Geschmack;Preis;Servicequalität;Geschmack;Ambiente;Geschmack;Servicequalität;Geschmack;3
Weiblich;21;Student;;;;;;5;5;5;3;3;"Montag;Dienstag;Mittwoch;Donnerstag;Freitag";Nein;Weniger als 5 Minuten (Mensa/Library Cafe);"Mensa;L´Osteria;Spar;Library Café;Baschly (To-Go);Santa Cruz";"Mensa;Library Café";"Mensa;Library Café";"Mensa;Library Café";Library Café;"Mensa;Library Café";Mensa;2-Mal;;Entfernung;Preis;Geschmack;Preis;Entfernung;Entfernung;Entfernung;Geschmack;Ambiente;Geschmack;2
Männlich;23;Student;3-Mal;;;WiRe;;4;3;2;1;1;"Montag;Donnerstag";Nein;Weniger als 5 Minuten (Mensa/Library Cafe);"Mensa;Das Campus (To-Go);Spar;Billa;McDonalds";"Mensa;Spar;McDonalds";"Mensa;McDonalds";"Mensa;McDonalds";"Mensa;McDonalds";"Mensa;Spar";"Mensa;Das Campus (To-Go);Spar";3-Mal;;Preis;Preis;Preis;Preis;Entfernung;Geschmack;Entfernung;Geschmack;Servicequalität;Geschmack;2
Weiblich;53;Besucher;Seltener als 1-Mal;1-Mal;;;;5;5;4;3;2;Freitag;Ja;Weiß ich nicht;"Das Campus;L´Osteria;Baschly;die ALLEE;Burger´s Bar";"L´Osteria;Baschly;Burger´s Bar";"Das Campus;L´Osteria;Baschly;Burger´s Bar";"Das Campus;L´Osteria;Baschly";"Das Campus;L´Osteria;Baschly;Burger´s Bar";"Das Campus;L´Osteria";"Das Campus;L´Osteria;Burger´s Bar";Nie;;Entfernung;Servicequalität;Geschmack;Ambiente;Servicequalität;Geschmack;Ambiente;Geschmack;Ambiente;Geschmack;1
Männlich;24;Student;4-Mal;;;WiRe;;5;3;2;1;1;"Montag;Dienstag;Mittwoch;Donnerstag";Nein;Weniger als 5 Minuten (Mensa/Library Cafe);"Mensa;Das Campus;Das Campus (To-Go);L´Osteria;Spar";"Mensa;Das Campus (To-Go);Spar";"Das Campus;Das Campus (To-Go);L´Osteria";"Das Campus (To-Go);Spar";"Das Campus;L´Osteria";"Mensa;Das Campus;Spar";"Das Campus (To-Go);Spar";Nie;;Preis;Preis;Preis;Preis;Entfernung;Entfernung;Entfernung;Geschmack;Servicequalität;Geschmack;4
Weiblich;24;Student;4-Mal;;;WiSo;CBK/Hauptstudium;5;4;4;3;1;"Montag;Dienstag;Mittwoch;Donnerstag";Nein;5 - 7,5 Minuten (Billa/L´Osteria);"Mensa;Das Campus (To-Go);L´Osteria;Das Glashaus;Spar;Billa;Finn;Library Café;Anker (Bäckerei);Baschly (To-Go)";"Das Campus (To-Go);L´Osteria;Baschly (To-Go)";"Mensa;Das Campus;L´Osteria;Baschly (To-Go)";Das Campus;Das Campus (To-Go);"Mensa;Das Campus (To-Go);L´Osteria;Das Glashaus (To-Go);Spar;Billa;McDonalds;Library Café;Baschly (To-Go)";"Mensa;L´Osteria;Spar;Billa;McDonalds";Nie;;Preis;Preis;Geschmack;Preis;Entfernung;Geschmack;Ambiente;Geschmack;Servicequalität;Geschmack;3
Weiblich;22;Student;1-Mal;;;WiSo;CBK/Hauptstudium;5;4;3;2;2;"Montag;Dienstag";Ja;5 - 7,5 Minuten (Billa/L´Osteria);"L´Osteria;Das Glashaus;Library Café";"L´Osteria;Das Glashaus;Library Café";"L´Osteria;Das Glashaus;Library Café";"Das Glashaus;Library Café";"Das Glashaus;Library Café";"L´Osteria;Das Glashaus;Library Café";"L´Osteria;Das Glashaus;Library Café";2-Mal;;Preis;Preis;Geschmack;Preis;Servicequalität;Geschmack;Entfernung;Geschmack;Ambiente;Geschmack;3
Weiblich;22;Student;5-Mal;;;Masterstudium;;5;5;4;2;1;"Montag;Dienstag;Mittwoch;Donnerstag;Freitag";Nein;5 - 7,5 Minuten (Billa/L´Osteria);"Mensa;Das Campus;Das Campus (To-Go);L´Osteria;Das Glashaus (To-Go);Spar;Billa;McDonalds;Library Café;Anker (Bäckerei);Baschly (To-Go)";"Das Campus;L´Osteria;Baschly (To-Go)";"Mensa;Das Campus (To-Go);L´Osteria;Baschly (To-Go)";L´Osteria;"Das Campus (To-Go);L´Osteria;Library Café";"Mensa;Das Campus;Das Campus (To-Go);L´Osteria;Das Glashaus (To-Go);Spar;Billa;Library Café;Anker;Baschly (To-Go)";"Mensa;L´Osteria;Spar;Billa;McDonalds";1-Mal;;Preis;Preis;Geschmack;Preis;Entfernung;Geschmack;Entfernung;Geschmack;Ambiente;Geschmack;2
Weiblich;22;Student;5-Mal;;;WiSo;CBK/Hauptstudium;5;4;3;2;1;"Montag;Dienstag;Mittwoch;Donnerstag";Nein;5 - 7,5 Minuten (Billa/L´Osteria);"Mensa;Das Campus;Das Campus (To-Go);L´Osteria;Das Glashaus (To-Go);Spar;Billa;McDonalds;Library Café;Anker (Bäckerei);Baschly (To-Go)";"Das Campus (To-Go);L´Osteria;Baschly (To-Go)";"Mensa;Das Campus;Das Campus (To-Go);L´Osteria;Das Glashaus (To-Go);Baschly (To-Go)";Library Café;"Das Campus;Baschly (To-Go)";"Mensa;Das Campus;Das Campus (To-Go);L´Osteria;Das Glashaus (To-Go);Spar;Billa;Library Café;Anker;Baschly (To-Go)";"Mensa;L´Osteria";1-Mal;;Preis;Preis;Geschmack;Preis;Entfernung;Geschmack;Entfernung;Geschmack;Ambiente;Geschmack;2
Weiblich;32;Student;5-Mal;;;WiRe;;5;5;4;3;3;"Montag;Dienstag;Mittwoch;Donnerstag";Nein;5 - 7,5 Minuten (Billa/L´Osteria);"Mensa;Das Campus;Das Campus (To-Go);L´Osteria;Das Glashaus (To-Go);Spar;Billa;McDonalds;Library Café;Anker (Bäckerei);Baschly (To-Go)";"Das Campus (To-Go);L´Osteria;Baschly (To-Go)";"Mensa;Das Campus;Das Campus (To-Go);L´Osteria;Das Glashaus (To-Go);Baschly (To-Go)";"Mensa;Das Campus;Das Campus (To-Go);L´Osteria;Das Glashaus (To-Go);Baschly (To-Go)";"Das Campus;Das Campus (To-Go)";"Mensa;Das Campus;Das Campus (To-Go);Das Glashaus;Das Glashaus (To-Go);Spar;Billa;Library Café;Anker;Baschly (To-Go)";"Mensa;L´Osteria;McDonalds";1-Mal;;Preis;Preis;Geschmack;Preis;Entfernung;Geschmack;Entfernung;Geschmack;Servicequalität;Geschmack;2
Weiblich;19;Student;5-Mal;;;WiSo;Steop;5;5;5;3;2;"Montag;Dienstag;Mittwoch;Donnerstag";Nein;5 - 7,5 Minuten (Billa/L´Osteria);"Mensa;Das Campus;Das Campus (To-Go);L´Osteria;Das Glashaus (To-Go);Spar;Billa;McDonalds;Library Café;Anker (Bäckerei);Baschly (To-Go)";"Das Campus;Das Campus (To-Go);L´Osteria";"Mensa;Das Campus;Das Campus (To-Go);L´Osteria;Das Glashaus (To-Go);Library Café;Baschly (To-Go)";"Das Campus;L´Osteria";Das Campus;"Mensa;Das Campus;Das Campus (To-Go);Das Glashaus (To-Go);Spar;Billa;Baschly (To-Go)";"Mensa;L´Osteria;Das Glashaus (To-Go);Spar;Billa";Nie;;Preis;Preis;Geschmack;Preis;Entfernung;Geschmack;Entfernung;Geschmack;Ambiente;Geschmack;2